INCIDENT_ID,ORI,INCIDENT_DATE_STR,INCIDENT_TIME_STR,CITY,COUNTY,STATE,ZIP_CODE,MULTIPLE_LOCATIONS,ON_K12_CAMPUS,ARREST_MADE,CRIME_REPORT_FILED,CONTACT_REASON,IN_CUSTODY_REASON,NUM_INVOLVED_CIVILIANS,NUM_INVOLVED_OFFICERS,PRIMARY_AGENCY_INDICATOR
URSUS-01-0000-2017-232,CA0010000,6/16/2017,11:45,OAKLAND,ALAMEDA,CA,94612,FALSE,FALSE,FALSE,FALSE,in_custody_event,out_of_court,2,2,*
URSUS-01-0000-2017-27d,CA0010000,2/28/2017,19:40,OAKLAND,ALAMEDA,CA,94607,FALSE,FALSE,FALSE,TRUE,in_custody_event,awaiting_booking,1,3,*
URSUS-01-0000-2017-34a,CA0010000,10/25/2017,21:56,DUBLIN,ALAMEDA,CA,94568,FALSE,FALSE,FALSE,TRUE,in_custody_event,booked_awaiting_trial,1,2,*
URSUS-01-0000-2017-381,CA0010000,12/30/2017,22:08,OAKLAND,ALAMEDA,CA,94610,FALSE,FALSE,TRUE,TRUE,in_progress,,1,1,*
URSUS-01-0000-2017-43a,CA0010000,10/19/2017,20:16,OAKLAND,ALAMEDA,CA,94621,FALSE,FALSE,TRUE,TRUE,consensual,,2,5,*
URSUS-01-0000-2017-5d7,CA0010000,12/18/2017,4:14,SAN LORENZO,ALAMEDA,CA,94580,FALSE,FALSE,TRUE,TRUE,call_for_service,,1,3,*
URSUS-01-0000-2017-5de,CA0010000,12/4/2017,1:00,CASTRO VALLEY,ALAMEDA,CA,94546,FALSE,FALSE,TRUE,TRUE,pre_planned,,1,3,*
URSUS-01-0000-2017-610,CA0010000,9/7/2017,7:37,DUBLIN,ALAMEDA,CA,94568,FALSE,FALSE,TRUE,TRUE,call_for_service,,1,3,*
URSUS-01-0000-2017-74a,CA0010000,6/30/2017,7:50,DUBLIN,ALAMEDA,CA,94568,FALSE,FALSE,FALSE,FALSE,in_custody_event,booked_awaiting_trial,1,5,*
URSUS-01-0000-2017-831,CA0010000,7/18/2017,10:55,SAN LEANDRO,ALAMEDA,CA,94578,FALSE,FALSE,TRUE,TRUE,in_progress,,1,2,*
URSUS-01-0000-2017-8c7,CA0010000,5/30/2017,12:35,OAKLAND,ALAMEDA,CA,94612,FALSE,FALSE,TRUE,TRUE,in_progress,,1,5,*
URSUS-01-0000-2017-912,CA0010000,12/26/2017,23:20,HAYWARD,ALAMEDA,CA,94541,FALSE,FALSE,TRUE,TRUE,in_progress,,1,2,*
URSUS-01-0000-2017-948,CA0010000,5/3/2017,2:15,DUBLIN,ALAMEDA,CA,94568,FALSE,FALSE,FALSE,TRUE,in_custody_event,awaiting_booking,1,4,*
URSUS-01-0000-2017-9b8,CA0010000,8/9/2017,16:40,SAN LEANDRO,ALAMEDA,CA,94579,FALSE,FALSE,TRUE,TRUE,in_progress,,1,5,*
URSUS-01-0000-2017-ac0,CA0010000,6/27/2017,11:49,DUBLIN,ALAMEDA,CA,94568,FALSE,FALSE,FALSE,TRUE,in_custody_event,booked_awaiting_trial,1,5,*
URSUS-01-0000-2017-aec,CA0010000,6/14/2017,8:48,DUBLIN,ALAMEDA,CA,94568,FALSE,FALSE,TRUE,TRUE,in_custody_event,awaiting_booking,1,1,*
URSUS-01-0000-2017-c79,CA0010000,7/4/2017,19:09,SAN LEANDRO,ALAMEDA,CA,94578,FALSE,FALSE,TRUE,TRUE,call_for_service,,1,2,*
URSUS-01-0500-2017-0d5,CA0010500,3/14/2017,17:03,HAYWARD,ALAMEDA,CA,94542,FALSE,FALSE,FALSE,TRUE,pre_planned,,2,3,*
URSUS-01-0500-2017-38e,CA0010500,4/9/2017,23:43,FREMONT,ALAMEDA,CA,94555,FALSE,FALSE,FALSE,TRUE,in_progress,,1,3,*
URSUS-01-0500-2017-3cf,CA0010500,2/5/2017,16:13,FREMONT,ALAMEDA,CA,94538,FALSE,FALSE,FALSE,TRUE,in_progress,,1,1,*
URSUS-01-0500-2017-890,CA0010500,2/16/2017,22:13,FREMONT,ALAMEDA,CA,94555,TRUE,FALSE,TRUE,TRUE,pre_planned,,1,5,*
URSUS-01-0500-2017-da2,CA0010500,5/29/2017,15:56,FREMONT,ALAMEDA,CA,94538,FALSE,FALSE,FALSE,TRUE,in_progress,,1,1,*
URSUS-01-0600-2017-134,CA0010600,8/5/2017,17:10,HAYWARD,ALAMEDA,CA,94541,FALSE,FALSE,TRUE,TRUE,call_for_service,,1,1,*
URSUS-01-0600-2017-685,CA0010600,4/21/2017,10:56,HAYWARD,ALAMEDA,CA,94541,FALSE,FALSE,FALSE,TRUE,in_progress,,1,1,*
URSUS-01-0600-2017-c6f,CA0010600,3/4/2017,23:28,HAYWARD,ALAMEDA,CA,94544,FALSE,FALSE,TRUE,TRUE,call_for_service,,1,3,*
URSUS-01-0700-2017-1a8,CA0010700,8/16/2017,22:55,LIVERMORE,ALAMEDA,CA,94551,FALSE,FALSE,FALSE,FALSE,in_progress,,1,5,*
URSUS-01-0700-2017-2c0,CA0010700,10/21/2017,23:51,LIVERMORE,ALAMEDA,CA,94551,FALSE,FALSE,TRUE,TRUE,in_progress,,1,2,*
URSUS-01-0900-2017-0ac,CA0010900,2/17/2017,9:05,OAKLAND,ALAMEDA,CA,94605,FALSE,FALSE,FALSE,TRUE,call_for_service,,1,3,*
URSUS-01-0900-2017-b3a,CA0010900,9/28/2017,14:21,OAKLAND,ALAMEDA,CA,94601,FALSE,FALSE,FALSE,TRUE,call_for_service,,1,2,*
URSUS-01-1100-2017-fe2,CA0011100,5/20/2017,11:30,PLEASANTON,ALAMEDA,CA,94566,FALSE,FALSE,FALSE,TRUE,call_for_service,,1,1,*
URSUS-01-1200-2017-f8b,CA0011200,6/4/2017,2:52,SAN LEANDRO,ALAMEDA,CA,94577,FALSE,FALSE,TRUE,TRUE,in_progress,,1,2,*
URSUS-01-1400-2017-42c,CA0011400,2/5/2017,23:39,ALAMEDA,ALAMEDA,CA,94501,FALSE,FALSE,TRUE,TRUE,in_progress,,2,1,*
URSUS-01-1400-2017-70d,CA0011400,6/2/2017,23:30,CASTRO VALLEY,ALAMEDA,CA,94546,FALSE,FALSE,TRUE,TRUE,welfare_check,,2,5,*
URSUS-01-2100-2017-0ac,CA0012100,1/8/2017,18:37,BERKELEY,ALAMEDA,CA,94704,FALSE,FALSE,TRUE,TRUE,call_for_service,,2,2,*
URSUS-01-2100-2017-970,CA0012100,11/16/2017,0:31,RICHMOND,CONTRA COSTA,CA,94801,FALSE,FALSE,TRUE,TRUE,in_progress,,1,2,*
URSUS-04-0000-2017-b7a,CA0040000,8/22/2017,19:30,DURHAM,BUTTE,CA,95938,FALSE,FALSE,FALSE,TRUE,call_for_service,,1,1,*
URSUS-04-0200-2017-215,CA0040200,3/17/2017,19:13,CHICO,BUTTE,CA,95926,FALSE,FALSE,FALSE,TRUE,in_progress,,1,2,*
URSUS-04-0200-2017-833,CA0040200,7/23/2017,22:50,CHICO,BUTTE,CA,95928,FALSE,FALSE,FALSE,TRUE,in_progress,,1,2,*
URSUS-05-0000-2017-ece,CA0050000,4/28/2017,0:30,VALLEY SPRINGS,CALAVERAS,CA,95252,FALSE,FALSE,TRUE,TRUE,call_for_service,,1,4,*
URSUS-07-0000-2017-6c1,CA0070000,5/6/2017,22:56,MARTINEZ,CONTRA COSTA,CA,94553,FALSE,FALSE,TRUE,TRUE,in_custody_event,awaiting_booking,1,1,*
URSUS-07-0000-2017-8b9,CA0070000,5/23/2017,15:09,EL SOBRANTE,CONTRA COSTA,CA,94803,FALSE,FALSE,TRUE,TRUE,pre_planned,,1,1,*
URSUS-07-0057-2017-261,CA0070057,7/1/2017,21:45,OAKLEY,CONTRA COSTA,CA,94561,FALSE,TRUE,TRUE,TRUE,civil_assembly,,1,1,*
URSUS-07-0100-2017-042,CA0070100,6/16/2017,11:30,ANTIOCH,CONTRA COSTA,CA,94509,FALSE,FALSE,TRUE,TRUE,in_progress,,1,1,*
URSUS-07-0100-2017-097,CA0070100,8/30/2017,12:52,ANTIOCH,CONTRA COSTA,CA,94509,FALSE,FALSE,TRUE,TRUE,call_for_service,,2,1,*
URSUS-07-0100-2017-687,CA0070100,7/3/2017,8:26,ANTIOCH,CONTRA COSTA,CA,94509,FALSE,FALSE,TRUE,TRUE,in_progress,,1,1,*
URSUS-07-0100-2017-756,CA0070100,3/16/2017,10:13,ANTIOCH,CONTRA COSTA,CA,94531,TRUE,FALSE,TRUE,TRUE,call_for_service,,1,1,*
URSUS-07-0200-2017-3c1,CA0070200,6/9/2017,21:47,BRENTWOOD,CONTRA COSTA,CA,94513,FALSE,FALSE,TRUE,TRUE,call_for_service,,1,1,*
URSUS-07-0900-2017-dda,CA0070900,1/24/2017,21:53,PLEASANT HILL,CONTRA COSTA,CA,94523,FALSE,FALSE,TRUE,TRUE,call_for_service,,1,2,*
URSUS-07-1000-2017-002,CA0071000,9/27/2017,9:35,EMERYVILLE,ALAMEDA,CA,94608,FALSE,FALSE,TRUE,TRUE,call_for_service,,1,7,*
URSUS-07-1000-2017-28d,CA0071000,4/13/2017,17:06,RICHMOND,CONTRA COSTA,CA,94801,FALSE,FALSE,TRUE,TRUE,vehicle_bike_pedestrian,,1,1,*
URSUS-07-1000-2017-3d4,CA0071000,10/25/2017,6:48,RICHMOND,CONTRA COSTA,CA,94804,FALSE,FALSE,TRUE,TRUE,call_for_service,,1,1,*
URSUS-07-1000-2017-436,CA0071000,9/18/2017,2:30,RICHMOND,CONTRA COSTA,CA,94804,FALSE,FALSE,TRUE,TRUE,in_progress,,1,1,*
URSUS-07-1000-2017-5b3,CA0071000,6/23/2017,0:22,RICHMOND,CONTRA COSTA,CA,94804,TRUE,FALSE,TRUE,TRUE,call_for_service,,1,1,*
URSUS-07-1000-2017-801,CA0071000,3/14/2017,19:25,RICHMOND,CONTRA COSTA,CA,94806,FALSE,FALSE,TRUE,TRUE,call_for_service,,1,1,*
URSUS-07-1000-2017-c8a,CA0071000,1/23/2017,21:55,RICHMOND,CONTRA COSTA,CA,94804,FALSE,FALSE,TRUE,TRUE,call_for_service,,1,1,*
URSUS-07-1000-2017-cd9,CA0071000,3/7/2017,1:08,RICHMOND,CONTRA COSTA,CA,94804,FALSE,FALSE,FALSE,TRUE,call_for_service,,1,1,*
URSUS-07-1000-2017-dd0,CA0071000,1/13/2017,21:59,RICHMOND,CONTRA COSTA,CA,94801,FALSE,FALSE,TRUE,TRUE,vehicle_bike_pedestrian,,1,1,*
URSUS-07-1000-2017-f2c,CA0071000,9/15/2017,22:53,RICHMOND,CONTRA COSTA,CA,94804,FALSE,FALSE,TRUE,TRUE,call_for_service,,1,1,*
URSUS-07-1000-2017-f51,CA0071000,7/7/2017,12:45,RICHMOND,CONTRA COSTA,CA,94804,FALSE,FALSE,TRUE,TRUE,pre_planned,,1,1,*
URSUS-07-1000-2017-fbb,CA0071000,3/31/2017,18:24,RICHMOND,CONTRA COSTA,CA,94804,FALSE,FALSE,TRUE,TRUE,call_for_service,,1,1,*
URSUS-10-0000-2017-788,CA0100000,5/4/2017,7:56,SANGER,FRESNO,CA,93657,TRUE,FALSE,TRUE,TRUE,in_progress,,1,1,*
URSUS-10-0000-2017-aba,CA0100000,1/30/2017,4:34,FRESNO,FRESNO,CA,93703,FALSE,FALSE,TRUE,TRUE,in_progress,,1,3,*
URSUS-10-0000-2017-f75,CA0100000,8/11/2017,21:27,AUBERRY,FRESNO,CA,93602,FALSE,FALSE,TRUE,TRUE,in_progress,,1,1,*
URSUS-10-0100-2017-25d,CA0100100,12/8/2017,12:57,CLOVIS,FRESNO,CA,93612,FALSE,FALSE,TRUE,TRUE,call_for_service,,1,2,*
URSUS-10-0100-2017-b11,CA0100100,10/3/2017,17:39,CLOVIS,FRESNO,CA,93611,FALSE,FALSE,TRUE,TRUE,welfare_check,,1,4,*
URSUS-10-0500-2017-248,CA0100500,12/6/2017,11:40,FRESNO,FRESNO,CA,93726,FALSE,FALSE,TRUE,TRUE,in_progress,,1,1,*
URSUS-10-0500-2017-26f,CA0100500,1/28/2017,5:43,FRESNO,FRESNO,CA,93728,FALSE,FALSE,TRUE,TRUE,call_for_service,,1,1,*
URSUS-10-0500-2017-7a0,CA0100500,7/24/2017,1:39,FRESNO,FRESNO,CA,93725,FALSE,FALSE,TRUE,TRUE,vehicle_bike_pedestrian,,1,4,*
URSUS-10-0500-2017-910,CA0100500,6/7/2017,3:29,FRESNO,FRESNO,CA,93705,FALSE,FALSE,FALSE,TRUE,call_for_service,,1,2,*
URSUS-10-0500-2017-ce4,CA0100500,4/15/2017,15:28,FRESNO,FRESNO,CA,93710,FALSE,FALSE,FALSE,TRUE,pre_planned,,1,1,*
URSUS-10-0500-2017-ea3,CA0100500,5/10/2017,10:28,FRESNO,FRESNO,CA,93704,FALSE,FALSE,FALSE,TRUE,in_progress,,1,2,*
URSUS-10-0600-2017-9e3,CA0100600,10/1/2017,20:51,HURON,FRESNO,CA,93234,FALSE,FALSE,TRUE,TRUE,call_for_service,,1,1,*
URSUS-10-1500-2017-56f,CA0101500,6/12/2017,19:08,SELMA,FRESNO,CA,93662,FALSE,FALSE,FALSE,TRUE,call_for_service,,1,4,*
URSUS-11-0100-2017-4d9,CA0110100,7/27/2017,3:50,ORLAND,GLENN,CA,95963,FALSE,FALSE,TRUE,TRUE,call_for_service,,1,2,*
URSUS-11-0100-2017-aac,CA0110100,4/20/2017,1:20,ORLAND,GLENN,CA,95963,FALSE,FALSE,TRUE,TRUE,vehicle_bike_pedestrian,,2,2,*
URSUS-11-0100-2017-b4d,CA0110100,1/9/2017,14:20,ORLAND,GLENN,CA,95963,FALSE,FALSE,TRUE,TRUE,call_for_service,,1,2,*
URSUS-12-0000-2017-7ba,CA0120000,12/17/2017,0:51,FERNDALE,HUMBOLDT,CA,95536,FALSE,FALSE,TRUE,TRUE,call_for_service,,1,2,*
URSUS-12-0000-2017-854,CA0120000,7/14/2017,22:00,HOOPA,HUMBOLDT,CA,95546,FALSE,FALSE,TRUE,TRUE,in_progress,,1,2,*
URSUS-12-0100-2017-4d7,CA0120100,9/9/2017,1:25,ARCATA,HUMBOLDT,CA,95521,FALSE,FALSE,FALSE,TRUE,in_progress,,1,1,*
URSUS-12-0800-2017-b3d,CA0120800,9/9/2017,1:26,ARCATA,HUMBOLDT,CA,95521,FALSE,FALSE,FALSE,TRUE,in_progress,,,1,URSUS-12-0100-2017-4d7
URSUS-15-0000-2017-b1e,CA0150000,12/13/2017,18:52,BORON,KERN,CA,93516,FALSE,FALSE,FALSE,TRUE,call_for_service,,1,2,*
URSUS-15-013G-2017-02e,CA015013G,3/30/2017,11:25,BAKERSFIELD,KERN,CA,93305,FALSE,FALSE,TRUE,TRUE,pre_planned,,1,2,*
URSUS-15-013G-2017-7f6,CA015013G,10/20/2017,12:59,BAKERSFIELD,KERN,CA,93307,FALSE,FALSE,TRUE,TRUE,pre_planned,,1,5,*
URSUS-15-013G-2017-f84,CA015013G,1/24/2017,16:51,BAKERSFIELD,KERN,CA,93304,FALSE,FALSE,TRUE,TRUE,pre_planned,,1,2,*
URSUS-15-0200-2017-028,CA0150200,11/24/2017,23:33,BAKERSFIELD,KERN,CA,93305,FALSE,FALSE,TRUE,TRUE,vehicle_bike_pedestrian,,1,1,*
URSUS-15-0200-2017-199,CA0150200,6/18/2017,16:04,BAKERSFIELD,KERN,CA,93304,FALSE,TRUE,TRUE,TRUE,call_for_service,,1,1,*
URSUS-15-0200-2017-27a,CA0150200,9/29/2017,14:49,BAKERSFIELD,KERN,CA,93308,FALSE,FALSE,TRUE,TRUE,call_for_service,,1,1,*
URSUS-15-0200-2017-333,CA0150200,3/4/2017,19:11,BAKERSFIELD,KERN,CA,93309,FALSE,FALSE,TRUE,TRUE,pre_planned,,1,1,*
URSUS-15-0200-2017-35b,CA0150200,12/28/2017,17:00,BAKERSFIELD,KERN,CA,93304,FALSE,FALSE,TRUE,TRUE,call_for_service,,1,1,*
URSUS-15-0200-2017-3d0,CA0150200,2/3/2017,6:45,BAKERSFIELD,KERN,CA,93304,FALSE,FALSE,TRUE,TRUE,call_for_service,,1,2,*
URSUS-15-0200-2017-4e1,CA0150200,10/2/2017,0:19,BAKERSFIELD,KERN,CA,93309,FALSE,FALSE,TRUE,TRUE,call_for_service,,1,1,*
URSUS-15-0200-2017-540,CA0150200,4/10/2017,3:49,BAKERSFIELD,KERN,CA,93309,FALSE,FALSE,TRUE,TRUE,call_for_service,,1,1,*
URSUS-15-0200-2017-565,CA0150200,10/15/2017,14:22,BAKERSFIELD,KERN,CA,93307,FALSE,FALSE,TRUE,TRUE,call_for_service,,1,1,*
URSUS-15-0200-2017-57e,CA0150200,5/15/2017,0:46,BAKERSFIELD,KERN,CA,93308,FALSE,FALSE,TRUE,TRUE,vehicle_bike_pedestrian,,1,1,*
URSUS-15-0200-2017-59f,CA0150200,7/5/2017,14:49,BAKERSFIELD,KERN,CA,93309,FALSE,FALSE,TRUE,TRUE,call_for_service,,1,3,*
URSUS-15-0200-2017-5cd,CA0150200,12/23/2017,12:45,BAKERSFIELD,KERN,CA,93306,FALSE,FALSE,TRUE,TRUE,call_for_service,,1,1,*
URSUS-15-0200-2017-5e5,CA0150200,1/21/2017,1:11,BAKERSFIELD,KERN,CA,93304,FALSE,FALSE,TRUE,TRUE,call_for_service,,1,2,*
URSUS-15-0200-2017-5eb,CA0150200,3/2/2017,21:28,BAKERSFIELD,KERN,CA,93301,FALSE,FALSE,TRUE,TRUE,call_for_service,,1,2,*
URSUS-15-0200-2017-605,CA0150200,11/4/2017,22:31,BAKERSFIELD,KERN,CA,93304,FALSE,FALSE,TRUE,TRUE,vehicle_bike_pedestrian,,1,2,*
URSUS-15-0200-2017-6d7,CA0150200,2/17/2017,1:13,BAKERSFIELD,KERN,CA,93304,FALSE,FALSE,TRUE,TRUE,call_for_service,,1,2,*
URSUS-15-0200-2017-701,CA0150200,12/1/2017,16:54,BAKERSFIELD,KERN,CA,93308,FALSE,FALSE,TRUE,TRUE,call_for_service,,1,2,*
URSUS-15-0200-2017-780,CA0150200,9/14/2017,1:18,BAKERSFIELD,KERN,CA,93304,FALSE,TRUE,TRUE,TRUE,call_for_service,,1,2,*
URSUS-15-0200-2017-80b,CA0150200,3/21/2017,3:55,BAKERSFIELD,KERN,CA,93301,FALSE,FALSE,TRUE,TRUE,call_for_service,,1,1,*
URSUS-15-0200-2017-826,CA0150200,5/31/2017,22:32,BAKERSFIELD,KERN,CA,93304,FALSE,FALSE,TRUE,TRUE,call_for_service,,1,1,*
URSUS-15-0200-2017-8a1,CA0150200,7/18/2017,19:04,BAKERSFIELD,KERN,CA,93304,FALSE,FALSE,TRUE,TRUE,pre_planned,,1,2,*
URSUS-15-0200-2017-924,CA0150200,2/13/2017,2:20,BAKERSFIELD,KERN,CA,93304,FALSE,FALSE,TRUE,TRUE,vehicle_bike_pedestrian,,1,1,*
URSUS-15-0200-2017-9ae,CA0150200,6/13/2017,12:23,BAKERSFIELD,KERN,CA,93304,FALSE,FALSE,TRUE,TRUE,call_for_service,,1,5,*
URSUS-15-0200-2017-a28,CA0150200,8/30/2017,21:18,BAKERSFIELD,KERN,CA,93307,FALSE,FALSE,TRUE,TRUE,call_for_service,,1,2,*
URSUS-15-0200-2017-a88,CA0150200,1/19/2017,19:50,BAKERSFIELD,KERN,CA,93307,FALSE,FALSE,TRUE,TRUE,in_progress,,1,2,*
URSUS-15-0200-2017-d49,CA0150200,6/17/2017,12:37,BAKERSFIELD,KERN,CA,93304,FALSE,FALSE,TRUE,TRUE,call_for_service,,1,2,*
URSUS-15-0200-2017-d74,CA0150200,12/9/2017,4:20,BAKERSFIELD,KERN,CA,93309,FALSE,FALSE,TRUE,TRUE,call_for_service,,1,6,*
URSUS-15-0200-2017-f06,CA0150200,10/11/2017,2:15,BAKERSFIELD,KERN,CA,93309,FALSE,FALSE,TRUE,TRUE,in_progress,,1,2,*
URSUS-15-0200-2017-f35,CA0150200,7/31/2017,4:44,BAKERSFIELD,KERN,CA,93307,FALSE,FALSE,TRUE,TRUE,call_for_service,,1,2,*
URSUS-15-0300-2017-06d,CA0150300,12/31/2017,8:50,DELANO,KERN,CA,93215,FALSE,FALSE,TRUE,TRUE,in_progress,,2,2,*
URSUS-15-0600-2017-4d8,CA0150600,6/8/2017,11:57,RIDGECREST,KERN,CA,93555,FALSE,FALSE,FALSE,TRUE,call_for_service,,1,7,*
URSUS-15-0700-2017-7ac,CA0150700,3/5/2017,0:07,SHAFTER,KERN,CA,93263,FALSE,FALSE,TRUE,TRUE,call_for_service,,1,1,*
URSUS-15-0800-2017-704,CA0150800,6/8/2017,11:57,RIDGECREST,KERN,CA,93555,FALSE,FALSE,FALSE,TRUE,call_for_service,,,1,URSUS-15-0600-2017-4d8
URSUS-15-0900-2017-a2e,CA0150900,5/24/2017,22:15,TEHACHAPI,KERN,CA,93561,FALSE,FALSE,TRUE,TRUE,call_for_service,,1,2,*
URSUS-16-0000-2017-9ed,CA0160000,3/10/2017,21:54,LEMOORE,KINGS,CA,93245,FALSE,FALSE,FALSE,TRUE,call_for_service,,,1,URSUS-16-0800-2017-fae
URSUS-16-0300-2017-4fc,CA0160300,10/7/2017,19:06,LEMOORE,KINGS,CA,93245,FALSE,FALSE,FALSE,TRUE,call_for_service,,1,1,*
URSUS-16-0800-2017-e0f,CA0160800,7/26/2017,19:05,AVENAL,KINGS,CA,93204,FALSE,FALSE,FALSE,TRUE,call_for_service,,1,2,*
URSUS-16-0800-2017-fae,CA0160800,3/10/2017,19:45,LEMOORE,KINGS,CA,93245,FALSE,FALSE,FALSE,TRUE,call_for_service,,1,1,*
URSUS-17-0000-2017-d83,CA0170000,12/8/2017,2:50,CLEARLAKE,LAKE,CA,95422,FALSE,FALSE,TRUE,TRUE,consensual,,1,1,*
URSUS-19-0000-2017-057,CA0190000,5/24/2017,23:40,COMPTON,LOS ANGELES,CA,90221,FALSE,FALSE,FALSE,TRUE,vehicle_bike_pedestrian,,1,2,*
URSUS-19-0000-2017-0af,CA0190000,4/24/2017,23:14,CARSON,LOS ANGELES,CA,90745,FALSE,FALSE,TRUE,TRUE,call_for_service,,1,2,*
URSUS-19-0000-2017-162,CA0190000,12/28/2017,11:32,LOS ANGELES,LOS ANGELES,CA,90012,FALSE,FALSE,FALSE,TRUE,in_custody_event,booked_awaiting_trial,1,1,*
URSUS-19-0000-2017-172,CA0190000,11/15/2017,10:30,TORRANCE,LOS ANGELES,CA,90502,FALSE,FALSE,TRUE,TRUE,call_for_service,,1,4,*
URSUS-19-0000-2017-184,CA0190000,7/4/2017,13:50,PALMDALE,LOS ANGELES,CA,93550,FALSE,FALSE,TRUE,TRUE,vehicle_bike_pedestrian,,1,1,*
URSUS-19-0000-2017-215,CA0190000,6/22/2017,3:47,PALMDALE,LOS ANGELES,CA,93550,FALSE,FALSE,FALSE,TRUE,call_for_service,,1,2,*
URSUS-19-0000-2017-2a9,CA0190000,12/9/2017,20:34,LANCASTER,LOS ANGELES,CA,93534,FALSE,FALSE,TRUE,TRUE,vehicle_bike_pedestrian,,2,7,*
URSUS-19-0000-2017-2e8,CA0190000,3/7/2017,23:05,LOS ANGELES,LOS ANGELES,CA,90056,FALSE,FALSE,FALSE,TRUE,call_for_service,,1,2,*
URSUS-19-0000-2017-2f6,CA0190000,4/9/2017,9:43,COVINA,LOS ANGELES,CA,91722,FALSE,FALSE,TRUE,TRUE,call_for_service,,1,4,*
URSUS-19-0000-2017-300,CA0190000,12/1/2017,19:50,LA MIRADA,LOS ANGELES,CA,90638,FALSE,FALSE,FALSE,TRUE,call_for_service,,1,2,*
URSUS-19-0000-2017-318,CA0190000,2/4/2017,18:44,NORWALK,LOS ANGELES,CA,90650,FALSE,FALSE,FALSE,TRUE,call_for_service,,1,4,*
URSUS-19-0000-2017-37a,CA0190000,6/26/2017,8:30,PICO RIVERA,LOS ANGELES,CA,90660,FALSE,FALSE,TRUE,TRUE,call_for_service,,1,9,*
URSUS-19-0000-2017-394,CA0190000,4/12/2017,1:07,LOS ANGELES,LOS ANGELES,CA,90002,FALSE,FALSE,FALSE,TRUE,call_for_service,,1,2,*
URSUS-19-0000-2017-423,CA0190000,1/9/2017,13:48,SAN BERNARDINO,SAN BERNARDINO,CA,92407,FALSE,FALSE,TRUE,TRUE,ambush,,2,1,*
URSUS-19-0000-2017-4f8,CA0190000,11/2/2017,16:30,COMPTON,LOS ANGELES,CA,90222,FALSE,FALSE,FALSE,TRUE,ambush,,1,3,*
URSUS-19-0000-2017-520,CA0190000,8/16/2017,19:17,LOS ANGELES,LOS ANGELES,CA,90059,FALSE,FALSE,FALSE,TRUE,vehicle_bike_pedestrian,,1,1,*
URSUS-19-0000-2017-52a,CA0190000,5/24/2017,16:45,TEMPLE CITY,LOS ANGELES,CA,91780,FALSE,FALSE,TRUE,TRUE,call_for_service,,1,2,*
URSUS-19-0000-2017-540,CA0190000,3/26/2017,14:57,WHITTIER,LOS ANGELES,CA,90604,FALSE,FALSE,TRUE,TRUE,call_for_service,,1,2,*
URSUS-19-0000-2017-552,CA0190000,2/15/2017,18:25,PALMDALE,LOS ANGELES,CA,93550,FALSE,FALSE,TRUE,TRUE,call_for_service,,1,5,*
URSUS-19-0000-2017-57e,CA0190000,12/14/2017,3:06,LOS ANGELES,LOS ANGELES,CA,90012,FALSE,FALSE,FALSE,TRUE,in_custody_event,booked_awaiting_trial,1,3,*
URSUS-19-0000-2017-60f,CA0190000,7/14/2017,11:59,LOS ANGELES,LOS ANGELES,CA,90012,FALSE,FALSE,FALSE,TRUE,in_custody_event,booked_awaiting_trial,2,3,*
URSUS-19-0000-2017-669,CA0190000,5/1/2017,20:00,AGUA DULCE,LOS ANGELES,CA,91390,FALSE,FALSE,TRUE,TRUE,call_for_service,,1,1,*
URSUS-19-0000-2017-6f3,CA0190000,3/14/2017,14:31,WHITTIER,LOS ANGELES,CA,90605,FALSE,FALSE,TRUE,TRUE,call_for_service,,1,1,*
URSUS-19-0000-2017-766,CA0190000,11/20/2017,16:57,ARTESIA,LOS ANGELES,CA,90701,FALSE,FALSE,TRUE,TRUE,in_progress,,1,2,*
URSUS-19-0000-2017-830,CA0190000,2/27/2017,15:15,ARTESIA,LOS ANGELES,CA,90701,FALSE,FALSE,TRUE,TRUE,call_for_service,,1,2,*
URSUS-19-0000-2017-83e,CA0190000,11/28/2017,22:05,SANTA CLARITA,LOS ANGELES,CA,91321,FALSE,FALSE,TRUE,TRUE,call_for_service,,1,4,*
URSUS-19-0000-2017-875,CA0190000,10/31/2017,6:43,LOS ANGELES,LOS ANGELES,CA,91335,FALSE,FALSE,TRUE,TRUE,call_for_service,,1,3,*
URSUS-19-0000-2017-8d9,CA0190000,4/27/2017,13:50,LOS ANGELES,LOS ANGELES,CA,90012,FALSE,FALSE,FALSE,TRUE,in_custody_event,out_of_court,1,12,*
URSUS-19-0000-2017-949,CA0190000,4/9/2017,12:56,LA PUENTE,LOS ANGELES,CA,91744,FALSE,FALSE,TRUE,TRUE,vehicle_bike_pedestrian,,1,1,*
URSUS-19-0000-2017-961,CA0190000,10/24/2017,13:25,LOS ANGELES,LOS ANGELES,CA,90045,FALSE,FALSE,FALSE,TRUE,in_custody_event,out_of_court,1,2,*
URSUS-19-0000-2017-a05,CA0190000,12/10/2017,21:26,ARTESIA,LOS ANGELES,CA,90701,FALSE,FALSE,FALSE,TRUE,call_for_service,,1,3,*
URSUS-19-0000-2017-a2b,CA0190000,4/27/2017,9:35,INGLEWOOD,LOS ANGELES,CA,90302,FALSE,FALSE,TRUE,TRUE,pre_planned,,1,3,*
URSUS-19-0000-2017-acf,CA0190000,12/30/2017,23:05,LOS ANGELES,LOS ANGELES,CA,90001,FALSE,FALSE,TRUE,TRUE,ambush,,1,2,*
URSUS-19-0000-2017-ad4,CA0190000,9/8/2017,3:20,LA PUENTE,LOS ANGELES,CA,91744,FALSE,FALSE,TRUE,TRUE,call_for_service,,1,2,*
URSUS-19-0000-2017-b6c,CA0190000,1/21/2017,16:30,EAST LOS ANGELES,LOS ANGELES,CA,90022,FALSE,FALSE,TRUE,TRUE,vehicle_bike_pedestrian,,1,2,*
URSUS-19-0000-2017-c15,CA0190000,3/20/2017,16:35,BELLFLOWER,LOS ANGELES,CA,90706,FALSE,FALSE,TRUE,TRUE,vehicle_bike_pedestrian,,1,6,*
URSUS-19-0000-2017-c2d,CA0190000,9/11/2017,17:43,BASSETT,LOS ANGELES,CA,91746,FALSE,FALSE,FALSE,TRUE,call_for_service,,1,2,*
URSUS-19-0000-2017-c6c,CA0190000,9/26/2017,14:20,LOS ANGELES,LOS ANGELES,CA,90012,FALSE,FALSE,FALSE,TRUE,in_custody_event,booked_awaiting_trial,1,3,*
URSUS-19-0000-2017-ce0,CA0190000,7/12/2017,7:06,LANCASTER,LOS ANGELES,CA,93534,FALSE,FALSE,TRUE,TRUE,call_for_service,,1,2,*
URSUS-19-0000-2017-d35,CA0190000,5/11/2017,18:30,LOS ANGELES,LOS ANGELES,CA,90047,FALSE,FALSE,TRUE,TRUE,vehicle_bike_pedestrian,,1,1,*
URSUS-19-0000-2017-d6c,CA0190000,2/13/2017,14:45,LOS ANGELES,LOS ANGELES,CA,91405,FALSE,FALSE,TRUE,TRUE,vehicle_bike_pedestrian,,1,1,*
URSUS-19-0000-2017-dce,CA0190000,4/7/2017,10:10,COMPTON,LOS ANGELES,CA,90220,FALSE,FALSE,TRUE,TRUE,call_for_service,,1,3,*
URSUS-19-0000-2017-def,CA0190000,9/12/2017,15:40,HAWAIIAN GARDENS,LOS ANGELES,CA,90716,FALSE,FALSE,TRUE,TRUE,call_for_service,,1,3,*
URSUS-19-0000-2017-e8b,CA0190000,3/20/2017,7:25,TEMPLE CITY,LOS ANGELES,CA,91780,FALSE,FALSE,FALSE,TRUE,vehicle_bike_pedestrian,,1,3,*
URSUS-19-0000-2017-e90,CA0190000,4/29/2017,15:30,PALMDALE,LOS ANGELES,CA,93591,FALSE,FALSE,TRUE,TRUE,call_for_service,,1,2,*
URSUS-19-0000-2017-ed6,CA0190000,4/14/2017,19:44,PALMDALE,LOS ANGELES,CA,93551,FALSE,FALSE,TRUE,TRUE,call_for_service,,1,5,*
URSUS-19-0000-2017-f61,CA0190000,7/22/2017,2:11,LYNWOOD,LOS ANGELES,CA,90262,FALSE,FALSE,TRUE,TRUE,call_for_service,,1,1,*
URSUS-19-0000-2017-fbd,CA0190000,7/2/2017,17:07,LOS ANGELES,LOS ANGELES,CA,90063,FALSE,FALSE,FALSE,TRUE,vehicle_bike_pedestrian,,1,1,*
URSUS-19-0000-2017-fe2,CA0190000,12/6/2017,2:14,LOS ANGELES,LOS ANGELES,CA,90061,FALSE,FALSE,FALSE,TRUE,vehicle_bike_pedestrian,,1,2,*
URSUS-19-0100-2017-107,CA0190100,11/18/2017,0:23,ALHAMBRA,LOS ANGELES,CA,91803,FALSE,FALSE,TRUE,TRUE,call_for_service,,1,1,*
URSUS-19-0100-2017-b7d,CA0190100,1/27/2017,19:25,ALHAMBRA,LOS ANGELES,CA,91801,FALSE,FALSE,TRUE,TRUE,call_for_service,,1,2,*
URSUS-19-0500-2017-369,CA0190500,1/15/2017,23:21,AZUSA,LOS ANGELES,CA,91702,FALSE,FALSE,FALSE,TRUE,call_for_service,,1,1,*
URSUS-19-0600-2017-8cf,CA0190600,11/3/2017,20:05,BALDWIN PARK,LOS ANGELES,CA,91706,FALSE,FALSE,TRUE,TRUE,consensual,,1,2,*
URSUS-19-0B00-2017-50c,CA0190B00,7/22/2017,3:30,LOS ANGELES,LOS ANGELES,CA,90012,FALSE,FALSE,TRUE,TRUE,in_progress,,1,2,*
URSUS-19-1000-2017-9b0,CA0191000,8/3/2017,20:51,BEVERLY HILLS,LOS ANGELES,CA,90211,FALSE,FALSE,TRUE,TRUE,call_for_service,,1,1,*
URSUS-19-2000-2017-24c,CA0192000,6/15/2017,19:35,NORWALK,LOS ANGELES,CA,90650,FALSE,FALSE,TRUE,TRUE,in_progress,,1,1,*
URSUS-19-2200-2017-526,CA0192200,4/3/2017,0:59,EL MONTE,LOS ANGELES,CA,91733,FALSE,FALSE,TRUE,TRUE,call_for_service,,1,1,*
URSUS-19-2300-2017-846,CA0192300,1/18/2017,12:24,LOS ANGELES,LOS ANGELES,CA,90045,FALSE,FALSE,FALSE,TRUE,call_for_service,,1,4,*
URSUS-19-2400-2017-5ad,CA0192400,5/15/2017,10:43,LOS ANGELES,LOS ANGELES,CA,90061,FALSE,FALSE,TRUE,TRUE,in_progress,,2,1,*
URSUS-19-2400-2017-8b4,CA0192400,10/16/2017,8:16,GARDENA,LOS ANGELES,CA,90247,FALSE,FALSE,TRUE,TRUE,call_for_service,,1,1,*
URSUS-19-2400-2017-b85,CA0192400,5/1/2017,9:55,GARDENA,LOS ANGELES,CA,90249,FALSE,FALSE,TRUE,TRUE,call_for_service,,1,1,*
URSUS-19-2400-2017-fd2,CA0192400,2/16/2017,22:30,GARDENA,LOS ANGELES,CA,90247,TRUE,FALSE,FALSE,TRUE,in_progress,,1,3,*
URSUS-19-2500-2017-e97,CA0192500,10/6/2017,13:00,DUARTE,LOS ANGELES,CA,91010,FALSE,FALSE,TRUE,TRUE,pre_planned,,2,1,*
URSUS-19-2800-2017-009,CA0192800,4/2/2017,8:36,HAWTHORNE,LOS ANGELES,CA,90260,FALSE,TRUE,TRUE,TRUE,call_for_service,,1,2,*
URSUS-19-2800-2017-51b,CA0192800,5/23/2017,19:08,HAWTHORNE,LOS ANGELES,CA,90250,FALSE,FALSE,FALSE,TRUE,vehicle_bike_pedestrian,,1,1,*
URSUS-19-2800-2017-5b9,CA0192800,6/29/2017,8:51,HAWTHORNE,LOS ANGELES,CA,90250,FALSE,TRUE,TRUE,TRUE,call_for_service,,,3,URSUS-19-4200-2017-027
URSUS-19-3800-2017-c32,CA0193800,9/23/2017,3:19,LA VERNE,LOS ANGELES,CA,91750,FALSE,FALSE,FALSE,TRUE,call_for_service,,1,2,*
URSUS-19-4100-2017-074,CA0194100,1/15/2017,11:22,LONG BEACH,LOS ANGELES,CA,90822,FALSE,FALSE,FALSE,TRUE,call_for_service,,1,2,*
URSUS-19-4100-2017-0e5,CA0194100,4/25/2017,6:41,BELLFLOWER,LOS ANGELES,CA,90706,FALSE,FALSE,FALSE,TRUE,vehicle_bike_pedestrian,,1,4,*
URSUS-19-4100-2017-11a,CA0194100,8/15/2017,15:24,LONG BEACH,LOS ANGELES,CA,90807,FALSE,FALSE,TRUE,TRUE,call_for_service,,1,2,*
URSUS-19-4100-2017-14f,CA0194100,2/17/2017,4:44,CERRITOS,LOS ANGELES,CA,90703,FALSE,FALSE,FALSE,TRUE,pre_planned,,1,4,*
URSUS-19-4100-2017-3bf,CA0194100,7/21/2017,13:57,LONG BEACH,LOS ANGELES,CA,90650,FALSE,FALSE,TRUE,TRUE,in_progress,,1,2,*
URSUS-19-4100-2017-7ac,CA0194100,1/15/2017,2:01,LONG BEACH,LOS ANGELES,CA,90802,FALSE,FALSE,TRUE,TRUE,in_progress,,1,7,*
URSUS-19-4100-2017-93d,CA0194100,7/22/2017,20:23,LONG BEACH,LOS ANGELES,CA,90810,FALSE,FALSE,TRUE,TRUE,call_for_service,,1,1,*
URSUS-19-4100-2017-985,CA0194100,12/29/2017,16:50,LONG BEACH,LOS ANGELES,CA,90802,FALSE,FALSE,TRUE,TRUE,call_for_service,,1,4,*
URSUS-19-4100-2017-ac2,CA0194100,5/7/2017,1:31,LONG BEACH,LOS ANGELES,CA,90802,FALSE,FALSE,FALSE,TRUE,in_progress,,1,2,*
URSUS-19-4100-2017-b23,CA0194100,8/16/2017,10:35,LONG BEACH,LOS ANGELES,CA,90813,FALSE,FALSE,TRUE,TRUE,call_for_service,,1,5,*
URSUS-19-4100-2017-b54,CA0194100,11/19/2017,12:56,LONG BEACH,LOS ANGELES,CA,90802,FALSE,FALSE,TRUE,TRUE,vehicle_bike_pedestrian,,1,2,*
URSUS-19-4100-2017-bc7,CA0194100,8/6/2017,23:38,LONG BEACH,LOS ANGELES,CA,90813,FALSE,FALSE,TRUE,TRUE,call_for_service,,1,1,*
URSUS-19-4100-2017-c21,CA0194100,9/7/2017,13:53,LONG BEACH,LOS ANGELES,CA,90805,FALSE,FALSE,TRUE,TRUE,pre_planned,,1,1,*
URSUS-19-4100-2017-dd5,CA0194100,6/7/2017,0:05,LONG BEACH,LOS ANGELES,CA,90808,FALSE,FALSE,FALSE,TRUE,call_for_service,,1,5,*
URSUS-19-4100-2017-e73,CA0194100,11/8/2017,23:00,LONG BEACH,LOS ANGELES,CA,90813,FALSE,FALSE,TRUE,TRUE,call_for_service,,1,2,*
URSUS-19-4100-2017-e8b,CA0194100,1/22/2017,17:12,LONG BEACH,LOS ANGELES,CA,90810,FALSE,FALSE,FALSE,TRUE,pre_planned,,1,2,*
URSUS-19-4100-2017-ed4,CA0194100,7/12/2017,15:27,LONG BEACH,LOS ANGELES,CA,90813,FALSE,FALSE,TRUE,TRUE,call_for_service,,1,1,*
URSUS-19-4100-2017-f87,CA0194100,7/29/2017,22:18,LONG BEACH,LOS ANGELES,CA,90814,FALSE,FALSE,TRUE,TRUE,call_for_service,,1,3,*
URSUS-19-4200-2017-00c,CA0194200,11/15/2017,16:00,VAN NUYS,LOS ANGELES,CA,91405,FALSE,FALSE,FALSE,TRUE,in_progress,,1,2,*
URSUS-19-4200-2017-020,CA0194200,2/9/2017,17:21,LOS ANGELES,LOS ANGELES,CA,90026,FALSE,FALSE,TRUE,TRUE,in_progress,,1,2,*
URSUS-19-4200-2017-027,CA0194200,6/29/2017,10:00,EL SEGUNDO,LOS ANGELES,CA,90245,FALSE,FALSE,TRUE,TRUE,pre_planned,,1,4,*
URSUS-19-4200-2017-08c,CA0194200,3/20/2017,3:15,VAN NUYS,LOS ANGELES,CA,91406,FALSE,FALSE,TRUE,TRUE,in_progress,,2,4,*
URSUS-19-4200-2017-09a,CA0194200,10/10/2017,18:13,LOS ANGELES,LOS ANGELES,CA,90044,FALSE,FALSE,TRUE,TRUE,in_progress,,1,2,*
URSUS-19-4200-2017-0e4,CA0194200,2/12/2017,17:25,LOS ANGELES,LOS ANGELES,CA,90033,FALSE,FALSE,FALSE,TRUE,call_for_service,,1,3,*
URSUS-19-4200-2017-168,CA0194200,11/30/2017,16:27,LOS ANGELES,LOS ANGELES,CA,91605,FALSE,FALSE,FALSE,FALSE,pre_planned,,1,2,*
URSUS-19-4200-2017-16b,CA0194200,3/7/2017,22:17,LOS ANGELES,LOS ANGELES,CA,90061,FALSE,FALSE,TRUE,TRUE,in_progress,,1,4,*
URSUS-19-4200-2017-1b6,CA0194200,5/26/2017,19:06,LOS ANGELES,LOS ANGELES,CA,91311,FALSE,FALSE,TRUE,TRUE,call_for_service,,1,2,*
URSUS-19-4200-2017-1c0,CA0194200,11/10/2017,12:30,LOS ANGELES,LOS ANGELES,CA,90047,FALSE,FALSE,TRUE,TRUE,in_progress,,1,5,*
URSUS-19-4200-2017-1db,CA0194200,12/31/2017,0:18,LOS ANGELES,LOS ANGELES,CA,90005,FALSE,FALSE,TRUE,TRUE,call_for_service,,1,1,*
URSUS-19-4200-2017-23a,CA0194200,3/8/2017,11:16,LOS ANGELES,LOS ANGELES,CA,90011,FALSE,FALSE,TRUE,TRUE,consensual,,1,1,*
URSUS-19-4200-2017-24c,CA0194200,5/16/2017,21:45,LOS ANGELES,LOS ANGELES,CA,90043,FALSE,FALSE,TRUE,TRUE,in_progress,,1,1,*
URSUS-19-4200-2017-2a6,CA0194200,12/23/2017,19:15,CANOGA PARK,LOS ANGELES,CA,91304,FALSE,FALSE,FALSE,FALSE,call_for_service,,1,2,*
URSUS-19-4200-2017-2f7,CA0194200,7/15/2017,2:04,LOS ANGELES,LOS ANGELES,CA,91331,FALSE,FALSE,FALSE,TRUE,call_for_service,,1,2,*
URSUS-19-4200-2017-37d,CA0194200,3/5/2017,15:19,LOS ANGELES,LOS ANGELES,CA,90017,FALSE,FALSE,TRUE,TRUE,call_for_service,,1,4,*
URSUS-19-4200-2017-37e,CA0194200,12/19/2017,23:15,NORTH HILLS,LOS ANGELES,CA,91343,FALSE,FALSE,TRUE,TRUE,in_progress,,1,1,*
URSUS-19-4200-2017-3b0,CA0194200,9/1/2017,21:59,LOS ANGELES,LOS ANGELES,CA,90059,FALSE,FALSE,TRUE,TRUE,in_progress,,1,6,*
URSUS-19-4200-2017-3b2,CA0194200,11/19/2017,6:21,LOS ANGELES,LOS ANGELES,CA,91335,FALSE,FALSE,TRUE,TRUE,call_for_service,,1,7,*
URSUS-19-4200-2017-3cc,CA0194200,12/29/2017,21:50,LOS ANGELES,LOS ANGELES,CA,90017,FALSE,FALSE,TRUE,TRUE,ambush,,1,2,*
URSUS-19-4200-2017-3f9,CA0194200,12/20/2017,1:00,LOS ANGELES,LOS ANGELES,CA,91343,FALSE,FALSE,TRUE,TRUE,consensual,,1,1,*
URSUS-19-4200-2017-3fc,CA0194200,12/4/2017,16:15,LOS ANGELES,LOS ANGELES,CA,90018,FALSE,FALSE,FALSE,TRUE,in_progress,,1,1,*
URSUS-19-4200-2017-484,CA0194200,6/19/2017,23:12,LOS ANGELES,LOS ANGELES,CA,91423,FALSE,FALSE,TRUE,TRUE,call_for_service,,1,1,*
URSUS-19-4200-2017-4ab,CA0194200,5/8/2017,8:58,LOS ANGELES,LOS ANGELES,CA,91040,FALSE,FALSE,FALSE,TRUE,call_for_service,,1,17,*
URSUS-19-4200-2017-4de,CA0194200,5/22/2017,21:06,LOS ANGELES,LOS ANGELES,CA,91402,FALSE,FALSE,TRUE,TRUE,in_progress,,1,2,*
URSUS-19-4200-2017-4ed,CA0194200,8/22/2017,18:44,LOS ANGELES,LOS ANGELES,CA,91316,FALSE,FALSE,FALSE,TRUE,pre_planned,,1,1,*
URSUS-19-4200-2017-518,CA0194200,8/4/2017,20:50,LOS ANGELES,LOS ANGELES,CA,90291,FALSE,FALSE,FALSE,TRUE,call_for_service,,1,1,*
URSUS-19-4200-2017-522,CA0194200,3/6/2017,17:05,LOS ANGELES,LOS ANGELES,CA,90026,FALSE,FALSE,TRUE,FALSE,call_for_service,,1,4,*
URSUS-19-4200-2017-57e,CA0194200,3/25/2017,12:01,LOS ANGELES,LOS ANGELES,CA,90033,FALSE,FALSE,FALSE,TRUE,in_progress,,1,1,*
URSUS-19-4200-2017-5ab,CA0194200,2/8/2017,15:45,LOS ANGELES,LOS ANGELES,CA,90017,FALSE,FALSE,TRUE,TRUE,in_progress,,1,1,*
URSUS-19-4200-2017-678,CA0194200,1/10/2017,16:48,LOS ANGELES,LOS ANGELES,CA,90015,FALSE,FALSE,FALSE,TRUE,in_progress,,1,1,*
URSUS-19-4200-2017-695,CA0194200,8/11/2017,17:05,LOS ANGELES,LOS ANGELES,CA,90004,FALSE,FALSE,FALSE,FALSE,call_for_service,,1,4,*
URSUS-19-4200-2017-6ae,CA0194200,3/4/2017,12:22,LOS ANGELES,LOS ANGELES,CA,90015,FALSE,FALSE,FALSE,TRUE,call_for_service,,1,2,*
URSUS-19-4200-2017-6c5,CA0194200,7/4/2017,21:15,SAN PEDRO,LOS ANGELES,CA,90731,FALSE,FALSE,FALSE,TRUE,ambush,,1,2,*
URSUS-19-4200-2017-70a,CA0194200,5/25/2017,19:02,LOS ANGELES,LOS ANGELES,CA,90007,FALSE,FALSE,TRUE,TRUE,pre_planned,,1,1,*
URSUS-19-4200-2017-747,CA0194200,1/17/2017,9:50,ANAHEIM,ORANGE,CA,92804,FALSE,FALSE,TRUE,TRUE,in_progress,,1,1,*
URSUS-19-4200-2017-78d,CA0194200,3/24/2017,17:00,LOS ANGELES,LOS ANGELES,CA,91411,FALSE,FALSE,TRUE,TRUE,call_for_service,,1,2,*
URSUS-19-4200-2017-7d0,CA0194200,8/3/2017,18:15,LOS ANGELES,LOS ANGELES,CA,91324,FALSE,FALSE,TRUE,TRUE,in_progress,,1,1,*
URSUS-19-4200-2017-89d,CA0194200,11/22/2017,14:55,LOS ANGELES,LOS ANGELES,CA,90011,TRUE,FALSE,TRUE,TRUE,vehicle_bike_pedestrian,,1,2,*
URSUS-19-4200-2017-89f,CA0194200,1/22/2017,1:42,LOS ANGELES,LOS ANGELES,CA,90028,FALSE,FALSE,TRUE,TRUE,call_for_service,,1,2,*
URSUS-19-4200-2017-8bc,CA0194200,1/8/2017,21:45,LOS ANGELES,LOS ANGELES,CA,91405,FALSE,FALSE,TRUE,TRUE,pre_planned,,1,6,*
URSUS-19-4200-2017-937,CA0194200,6/26/2017,3:48,LOS ANGELES,LOS ANGELES,CA,91324,FALSE,FALSE,TRUE,TRUE,call_for_service,,1,2,*
URSUS-19-4200-2017-93c,CA0194200,7/22/2017,19:00,LOS ANGELES,LOS ANGELES,CA,90016,FALSE,FALSE,TRUE,TRUE,in_progress,,1,1,*
URSUS-19-4200-2017-976,CA0194200,12/5/2017,14:33,LOS ANGELES,LOS ANGELES,CA,90062,FALSE,FALSE,TRUE,TRUE,in_progress,,1,2,*
URSUS-19-4200-2017-97f,CA0194200,4/21/2017,13:50,LOS ANGELES,LOS ANGELES,CA,91303,FALSE,FALSE,TRUE,TRUE,call_for_service,,1,3,*
URSUS-19-4200-2017-9ae,CA0194200,9/8/2017,18:25,LOS ANGELES,LOS ANGELES,CA,91405,FALSE,FALSE,TRUE,TRUE,call_for_service,,1,1,*
URSUS-19-4200-2017-9be,CA0194200,1/9/2017,23:30,VAN NUYS,LOS ANGELES,CA,91403,FALSE,FALSE,TRUE,TRUE,call_for_service,,1,6,*
URSUS-19-4200-2017-a28,CA0194200,11/9/2017,10:22,LOS ANGELES,LOS ANGELES,CA,90021,FALSE,FALSE,TRUE,TRUE,in_progress,,1,2,*
URSUS-19-4200-2017-a73,CA0194200,12/30/2017,19:30,LOS ANGELES,LOS ANGELES,CA,91306,FALSE,FALSE,FALSE,TRUE,call_for_service,,1,4,*
URSUS-19-4200-2017-aa9,CA0194200,6/6/2017,9:38,LOS ANGELES,LOS ANGELES,CA,90056,FALSE,FALSE,TRUE,TRUE,call_for_service,,1,2,*
URSUS-19-4200-2017-acc,CA0194200,4/3/2017,20:45,LOS ANGELES,LOS ANGELES,CA,90003,FALSE,FALSE,TRUE,TRUE,in_progress,,1,6,*
URSUS-19-4200-2017-af0,CA0194200,6/8/2017,15:16,LOS ANGELES,LOS ANGELES,CA,90032,FALSE,FALSE,TRUE,TRUE,consensual,,1,2,*
URSUS-19-4200-2017-b06,CA0194200,4/7/2017,12:00,LOS ANGELES,LOS ANGELES,CA,90014,FALSE,FALSE,TRUE,TRUE,call_for_service,,1,1,*
URSUS-19-4200-2017-b0c,CA0194200,11/7/2017,3:03,LOS ANGELES,LOS ANGELES,CA,91040,FALSE,FALSE,TRUE,TRUE,in_progress,,1,2,*
URSUS-19-4200-2017-b5b,CA0194200,6/6/2017,21:00,LOS ANGELES,LOS ANGELES,CA,90744,FALSE,FALSE,FALSE,TRUE,call_for_service,,1,2,*
URSUS-19-4200-2017-b86,CA0194200,5/29/2017,1:42,LOS ANGELES,LOS ANGELES,CA,90065,FALSE,FALSE,FALSE,TRUE,in_progress,,1,1,*
URSUS-19-4200-2017-b8a,CA0194200,1/23/2017,18:40,LOS ANGELES,LOS ANGELES,CA,91352,FALSE,FALSE,TRUE,TRUE,call_for_service,,1,2,*
URSUS-19-4200-2017-b8c,CA0194200,6/15/2017,18:50,LOS ANGELES,LOS ANGELES,CA,90011,FALSE,FALSE,TRUE,TRUE,pre_planned,,1,13,*
URSUS-19-4200-2017-be4,CA0194200,8/6/2017,17:00,LOS ANGELES,LOS ANGELES,CA,90003,FALSE,FALSE,TRUE,TRUE,call_for_service,,1,6,*
URSUS-19-4200-2017-bfe,CA0194200,10/29/2017,15:00,LOS ANGELES,LOS ANGELES,CA,90066,FALSE,FALSE,TRUE,TRUE,call_for_service,,1,1,*
URSUS-19-4200-2017-c47,CA0194200,4/5/2017,19:45,LOS ANGELES,LOS ANGELES,CA,90032,FALSE,FALSE,TRUE,TRUE,call_for_service,,1,5,*
URSUS-19-4200-2017-c6d,CA0194200,5/13/2017,19:08,LOS ANGELES,LOS ANGELES,CA,90047,FALSE,FALSE,TRUE,TRUE,in_progress,,1,1,*
URSUS-19-4200-2017-c8c,CA0194200,10/9/2017,22:55,LOS ANGELES,LOS ANGELES,CA,90001,TRUE,FALSE,TRUE,TRUE,in_progress,,1,2,*
URSUS-19-4200-2017-cb0,CA0194200,1/30/2017,1:10,DOWNEY,LOS ANGELES,CA,90242,FALSE,FALSE,TRUE,FALSE,in_progress,,2,1,*
URSUS-19-4200-2017-d05,CA0194200,10/29/2017,3:20,LOS ANGELES,LOS ANGELES,CA,91606,FALSE,FALSE,TRUE,TRUE,call_for_service,,1,6,*
URSUS-19-4200-2017-d09,CA0194200,1/10/2017,14:50,LOS ANGELES,LOS ANGELES,CA,90012,FALSE,FALSE,TRUE,TRUE,in_progress,,1,3,*
URSUS-19-4200-2017-d10,CA0194200,1/27/2017,19:27,LOS ANGELES,LOS ANGELES,CA,90044,FALSE,FALSE,TRUE,TRUE,call_for_service,,1,1,*
URSUS-19-4200-2017-d31,CA0194200,6/7/2017,11:15,LOS ANGELES,LOS ANGELES,CA,91331,FALSE,FALSE,TRUE,TRUE,call_for_service,,1,2,*
URSUS-19-4200-2017-d66,CA0194200,7/14/2017,21:35,LOS ANGELES,LOS ANGELES,CA,90028,FALSE,FALSE,TRUE,TRUE,call_for_service,,1,2,*
URSUS-19-4200-2017-d86,CA0194200,1/25/2017,21:00,LOS ANGELES,LOS ANGELES,CA,90032,FALSE,FALSE,TRUE,TRUE,call_for_service,,1,4,*
URSUS-19-4200-2017-d88,CA0194200,7/27/2017,11:15,LOS ANGELES,LOS ANGELES,CA,90028,FALSE,FALSE,FALSE,TRUE,call_for_service,,1,1,*
URSUS-19-4200-2017-db6,CA0194200,8/10/2017,5:05,LOS ANGELES,LOS ANGELES,CA,90272,FALSE,FALSE,FALSE,TRUE,call_for_service,,1,2,*
URSUS-19-4200-2017-dcd,CA0194200,2/15/2017,19:55,LOS ANGELES,LOS ANGELES,CA,90015,FALSE,FALSE,TRUE,TRUE,call_for_service,,1,4,*
URSUS-19-4200-2017-dea,CA0194200,6/22/2017,23:45,LOS ANGELES,LOS ANGELES,CA,90046,FALSE,FALSE,FALSE,TRUE,call_for_service,,1,12,*
URSUS-19-4200-2017-e07,CA0194200,3/6/2017,20:58,LOS ANGELES,LOS ANGELES,CA,90063,FALSE,FALSE,TRUE,TRUE,call_for_service,,1,4,*
URSUS-19-4200-2017-e12,CA0194200,7/17/2017,8:47,LOS ANGELES,LOS ANGELES,CA,90057,FALSE,FALSE,FALSE,FALSE,call_for_service,,1,3,*
URSUS-19-4200-2017-e6c,CA0194200,4/22/2017,6:37,LOS ANGELES,LOS ANGELES,CA,91343,FALSE,FALSE,TRUE,TRUE,call_for_service,,1,4,*
URSUS-19-4200-2017-e79,CA0194200,10/21/2017,20:55,LOS ANGELES,LOS ANGELES,CA,91344,FALSE,FALSE,TRUE,TRUE,call_for_service,,1,2,*
URSUS-19-4200-2017-e98,CA0194200,2/15/2017,9:55,LOS ANGELES,LOS ANGELES,CA,90016,FALSE,FALSE,TRUE,TRUE,call_for_service,,1,2,*
URSUS-19-4200-2017-eb0,CA0194200,6/28/2017,19:08,LOS ANGELES,LOS ANGELES,CA,90017,FALSE,FALSE,FALSE,TRUE,in_progress,,1,9,*
URSUS-19-4200-2017-eb2,CA0194200,9/25/2017,18:32,LOS ANGELES,LOS ANGELES,CA,90744,FALSE,FALSE,TRUE,TRUE,in_progress,,1,3,*
URSUS-19-4200-2017-eb3,CA0194200,8/21/2017,17:09,LOS ANGELES,LOS ANGELES,CA,90044,FALSE,FALSE,TRUE,TRUE,in_progress,,1,5,*
URSUS-19-4200-2017-ef1,CA0194200,1/16/2017,12:30,LOS ANGELES,LOS ANGELES,CA,90006,FALSE,FALSE,TRUE,TRUE,call_for_service,,1,2,*
URSUS-19-4200-2017-f34,CA0194200,4/9/2017,22:37,LOS ANGELES,LOS ANGELES,CA,90007,FALSE,FALSE,TRUE,TRUE,call_for_service,,1,9,*
URSUS-19-4200-2017-f81,CA0194200,5/13/2017,21:55,LOS ANGELES,LOS ANGELES,CA,91604,FALSE,FALSE,TRUE,TRUE,call_for_service,,1,3,*
URSUS-19-4200-2017-fb4,CA0194200,2/21/2017,14:30,ANAHEIM,ORANGE,CA,92802,FALSE,FALSE,TRUE,TRUE,consensual,,2,1,*
URSUS-19-4200-2018-25b,CA0194200,1/17/2017,3:10,LOS ANGELES,LOS ANGELES,CA,90042,FALSE,FALSE,TRUE,TRUE,call_for_service,,1,2,*
URSUS-19-4200-2018-d5f,CA0194200,1/31/2017,13:55,LOS ANGELES,LOS ANGELES,CA,90028,FALSE,FALSE,FALSE,TRUE,call_for_service,,1,1,*
URSUS-19-4400-2017-507,CA0194400,5/6/2017,12:00,MANHATTAN BEACH,LOS ANGELES,CA,90266,TRUE,FALSE,TRUE,TRUE,call_for_service,,1,3,*
URSUS-19-4700-2017-1dc,CA0194700,6/6/2017,16:05,MONTEBELLO,LOS ANGELES,CA,90640,FALSE,FALSE,FALSE,TRUE,call_for_service,,1,1,*
URSUS-19-4700-2017-cc3,CA0194700,8/18/2017,14:23,MONTEBELLO,LOS ANGELES,CA,90640,FALSE,FALSE,FALSE,TRUE,pre_planned,,1,3,*
URSUS-19-5300-2017-28e,CA0195300,10/6/2017,13:02,DUARTE,LOS ANGELES,CA,91010,FALSE,FALSE,FALSE,TRUE,pre_planned,,,2,URSUS-19-2500-2017-e97
URSUS-19-5300-2017-470,CA0195300,1/29/2017,12:45,PASADENA,LOS ANGELES,CA,91104,FALSE,FALSE,TRUE,TRUE,call_for_service,,1,2,*
URSUS-19-5300-2017-58e,CA0195300,11/9/2017,19:49,ALTADENA,LOS ANGELES,CA,91001,FALSE,FALSE,TRUE,TRUE,vehicle_bike_pedestrian,,1,2,*
URSUS-19-5500-2017-42d,CA0195500,3/2/2017,0:54,POMONA,LOS ANGELES,CA,91766,FALSE,FALSE,TRUE,FALSE,call_for_service,,1,1,*
URSUS-19-5500-2017-ce9,CA0195500,1/4/2017,19:00,POMONA,LOS ANGELES,CA,91767,FALSE,FALSE,FALSE,TRUE,in_progress,,1,3,*
URSUS-19-6100-2017-5c6,CA0196100,10/8/2017,11:02,SAN FERNANDO,LOS ANGELES,CA,91340,FALSE,FALSE,FALSE,TRUE,in_progress,,1,4,*
URSUS-19-6100-2017-ce9,CA0196100,7/12/2017,17:32,PACOIMA,LOS ANGELES,CA,91331,FALSE,FALSE,TRUE,TRUE,in_progress,,1,2,*
URSUS-19-6500-2017-0f8,CA0196500,8/5/2017,18:30,SANTA MONICA,LOS ANGELES,CA,90405,FALSE,FALSE,TRUE,TRUE,call_for_service,,1,2,*
URSUS-19-6900-2017-254,CA0196900,11/27/2017,22:58,PARAMOUNT,LOS ANGELES,CA,90723,FALSE,FALSE,FALSE,TRUE,call_for_service,,1,4,*
URSUS-19-6900-2017-d02,CA0196900,5/15/2017,12:36,LONG BEACH,LOS ANGELES,CA,90805,FALSE,FALSE,FALSE,TRUE,in_progress,,1,1,*
URSUS-19-6900-2017-e7e,CA0196900,12/28/2017,16:11,SOUTH GATE,LOS ANGELES,CA,90280,TRUE,FALSE,FALSE,TRUE,vehicle_bike_pedestrian,,1,2,*
URSUS-19-6900-2017-fa4,CA0196900,6/20/2017,7:48,HUNTINGTON PARK,LOS ANGELES,CA,90255,FALSE,FALSE,FALSE,TRUE,vehicle_bike_pedestrian,,1,3,*
URSUS-19-7200-2017-c68,CA0197200,10/14/2017,2:13,TORRANCE,LOS ANGELES,CA,90505,FALSE,FALSE,FALSE,TRUE,in_progress,,1,5,*
URSUS-19-7500-2017-716,CA0197500,4/25/2017,9:43,WEST COVINA,LOS ANGELES,CA,91791,FALSE,FALSE,FALSE,TRUE,call_for_service,,1,3,*
URSUS-19-7500-2017-833,CA0197500,12/15/2017,13:40,WEST COVINA,LOS ANGELES,CA,91790,FALSE,FALSE,TRUE,TRUE,in_progress,,1,1,*
URSUS-19-7500-2017-95a,CA0197500,2/25/2017,15:20,WALNUT,LOS ANGELES,CA,91789,FALSE,FALSE,FALSE,TRUE,vehicle_bike_pedestrian,,1,2,*
URSUS-19-7500-2017-d26,CA0197500,10/20/2017,17:07,WEST COVINA,LOS ANGELES,CA,91790,FALSE,FALSE,TRUE,TRUE,pre_planned,,1,6,*
URSUS-19-7600-2017-211,CA0197600,2/20/2017,8:15,WHITTIER,LOS ANGELES,CA,90605,FALSE,FALSE,TRUE,TRUE,call_for_service,,1,3,*
URSUS-19-7600-2017-f14,CA0197600,5/4/2017,1:54,WHITTIER,LOS ANGELES,CA,90602,FALSE,FALSE,FALSE,TRUE,call_for_service,,1,3,*
URSUS-20-0100-2017-e54,CA0200100,7/27/2017,23:02,CHOWCHILLA,MADERA,CA,93610,FALSE,FALSE,TRUE,TRUE,call_for_service,,1,4,*
URSUS-21-1700-2017-664,CA0211700,12/19/2017,19:30,CORTE MADERA,MARIN,CA,92201,FALSE,FALSE,TRUE,TRUE,welfare_check,,1,2,*
URSUS-22-0000-2017-fe4,CA0220000,6/11/2017,15:35,MARIPOSA,MARIPOSA,CA,95338,FALSE,FALSE,TRUE,TRUE,vehicle_bike_pedestrian,,1,3,*
URSUS-23-0000-2017-0c8,CA0230000,12/21/2017,20:00,UKIAH,MENDOCINO,CA,95482,FALSE,FALSE,TRUE,TRUE,pre_planned,,1,1,*
URSUS-23-0300-2017-87c,CA0230300,4/15/2017,15:21,UKIAH,MENDOCINO,CA,95482,FALSE,FALSE,TRUE,TRUE,call_for_service,,1,3,*
URSUS-24-0000-2017-8d6,CA0240000,3/9/2017,20:14,DENAIR,STANISLAUS,CA,95316,FALSE,FALSE,TRUE,TRUE,call_for_service,,,3,URSUS-24-0600-2017-3cf
URSUS-24-0000-2017-e00,CA0240000,4/23/2017,4:00,MERCED,MERCED,CA,95340,FALSE,FALSE,TRUE,TRUE,call_for_service,,1,1,*
URSUS-24-0500-2017-03b,CA0240500,7/31/2017,6:18,LOS BANOS,MERCED,CA,93635,FALSE,FALSE,FALSE,FALSE,call_for_service,,1,2,*
URSUS-24-0600-2017-3cf,CA0240600,3/9/2017,20:39,MERCED,MERCED,CA,95343,FALSE,FALSE,TRUE,TRUE,pre_planned,,1,2,*
URSUS-24-0600-2017-720,CA0240600,9/21/2017,13:28,MERCED,MERCED,CA,95348,FALSE,FALSE,TRUE,TRUE,vehicle_bike_pedestrian,,1,1,*
URSUS-24-0600-2017-f8d,CA0240600,2/10/2017,14:06,MERCED,MERCED,CA,95340,FALSE,FALSE,TRUE,TRUE,civil_disorder,,1,1,*
URSUS-27-0000-2017-426,CA0270000,12/11/2017,17:46,BIG SUR,MONTEREY,CA,93920,FALSE,FALSE,TRUE,TRUE,call_for_service,,1,2,*
URSUS-27-0600-2017-058,CA0270600,12/17/2017,21:06,MONTEREY,MONTEREY,CA,93940,FALSE,FALSE,TRUE,TRUE,call_for_service,,1,3,*
URSUS-27-0800-2017-293,CA0270800,1/18/2017,1:34,SALINAS,MONTEREY,CA,93905,FALSE,FALSE,FALSE,TRUE,in_progress,,1,2,*
URSUS-27-0800-2017-b83,CA0270800,6/13/2017,15:50,SALINAS,MONTEREY,CA,93906,TRUE,FALSE,TRUE,TRUE,in_progress,,1,3,*
URSUS-28-0000-2017-551,CA0280000,4/4/2017,13:54,NAPA,NAPA,CA,94558,FALSE,FALSE,FALSE,TRUE,call_for_service,,1,2,*
URSUS-28-0200-2017-639,CA0280200,3/13/2017,18:27,NAPA,NAPA,CA,94559,FALSE,FALSE,FALSE,TRUE,call_for_service,,1,2,*
URSUS-28-0200-2017-f89,CA0280200,4/4/2017,13:54,NAPA,NAPA,CA,94558,FALSE,FALSE,FALSE,TRUE,call_for_service,,1,12,*
URSUS-30-0000-2017-1c5,CA0300000,7/23/2017,11:15,DANA POINT,ORANGE,CA,92629,FALSE,FALSE,TRUE,TRUE,call_for_service,,1,2,*
URSUS-30-0000-2017-20d,CA0300000,3/29/2017,18:45,LAGUNA NIGUEL,ORANGE,CA,92677,FALSE,FALSE,TRUE,TRUE,call_for_service,,1,1,*
URSUS-30-0000-2017-5bd,CA0300000,10/12/2017,9:20,LAKE FOREST,ORANGE,CA,92610,FALSE,FALSE,TRUE,TRUE,call_for_service,,1,2,*
URSUS-30-0000-2017-9c7,CA0300000,3/29/2017,14:40,STANTON,ORANGE,CA,90680,FALSE,FALSE,TRUE,TRUE,pre_planned,,1,2,*
URSUS-30-0000-2017-dab,CA0300000,3/27/2017,0:40,SANTA ANA,ORANGE,CA,92703,FALSE,FALSE,FALSE,FALSE,in_custody_event,booked_awaiting_trial,1,6,*
URSUS-30-0100-2017-91a,CA0300100,11/25/2017,13:57,ANAHEIM,ORANGE,CA,92805,FALSE,FALSE,TRUE,TRUE,call_for_service,,1,1,*
URSUS-30-0100-2017-fe6,CA0300100,1/19/2017,0:06,SAN DIEGO,SAN DIEGO,CA,92110,FALSE,FALSE,TRUE,TRUE,pre_planned,,1,1,*
URSUS-30-013G-2017-563,CA030013G,9/2/2017,19:39,ORANGEVALE,ORANGE,CA,92868,FALSE,FALSE,TRUE,TRUE,in_custody_event,booked_no_charge,1,2,*
URSUS-30-013G-2017-fe6,CA030013G,3/20/2017,11:00,ANAHEIM,ORANGE,CA,92805,FALSE,FALSE,TRUE,TRUE,pre_planned,,1,2,*
URSUS-30-0200-2017-889,CA0300200,10/5/2017,14:05,ANAHEIM,ORANGE,CA,92802,FALSE,FALSE,TRUE,TRUE,in_progress,,1,1,*
URSUS-30-0700-2017-108,CA0300700,2/28/2017,10:11,FOUNTAIN VALLEY,ORANGE,CA,92708,FALSE,FALSE,TRUE,TRUE,in_progress,,1,3,*
URSUS-30-1000-2017-5bb,CA0301000,1/10/2017,0:21,HUNTINGTON BEACH,ORANGE,CA,92647,FALSE,FALSE,TRUE,TRUE,call_for_service,,1,1,*
URSUS-30-1000-2017-6d0,CA0301000,3/19/2017,22:26,HUNTINGTON BEACH,ORANGE,CA,92648,FALSE,FALSE,TRUE,TRUE,pre_planned,,1,2,*
URSUS-30-1000-2017-7c6,CA0301000,9/7/2017,7:26,HUNTINGTON BEACH,ORANGE,CA,92648,FALSE,FALSE,TRUE,TRUE,call_for_service,,1,1,*
URSUS-30-1000-2017-8d6,CA0301000,1/9/2017,22:34,HUNTINGTON BEACH,ORANGE,CA,92646,FALSE,FALSE,FALSE,TRUE,call_for_service,,1,1,*
URSUS-30-1000-2017-a65,CA0301000,9/22/2017,9:35,HUNTINGTON BEACH,ORANGE,CA,92647,FALSE,FALSE,FALSE,TRUE,in_progress,,1,1,*
URSUS-30-1000-2017-b23,CA0301000,3/9/2017,19:28,HUNTINGTON BEACH,ORANGE,CA,92648,FALSE,FALSE,FALSE,TRUE,call_for_service,,1,2,*
URSUS-30-1200-2017-0b1,CA0301200,7/4/2017,8:29,LA HABRA,ORANGE,CA,90631,FALSE,FALSE,TRUE,TRUE,call_for_service,,1,5,*
URSUS-30-1200-2017-7ba,CA0301200,5/22/2017,9:43,LA HABRA,ORANGE,CA,90631,FALSE,FALSE,TRUE,TRUE,call_for_service,,1,1,*
URSUS-30-1400-2017-3bb,CA0301400,10/14/2017,0:50,NEWPORT BEACH,ORANGE,CA,92663,FALSE,FALSE,TRUE,TRUE,call_for_service,,1,2,*
URSUS-30-1400-2017-c0a,CA0301400,4/15/2017,21:11,NEWPORT BEACH,ORANGE,CA,92663,FALSE,FALSE,FALSE,TRUE,call_for_service,,1,1,*
URSUS-30-1400-2017-e4c,CA0301400,10/25/2017,2:00,NEWPORT BEACH,ORANGE,CA,92660,FALSE,FALSE,TRUE,TRUE,call_for_service,,1,3,*
URSUS-30-1500-2017-976,CA0301500,3/13/2017,0:50,ORANGE,ORANGE,CA,92867,FALSE,FALSE,TRUE,TRUE,vehicle_bike_pedestrian,,1,2,*
URSUS-30-1900-2017-11f,CA0301900,1/29/2017,16:33,SANTA ANA,ORANGE,CA,92703,FALSE,FALSE,TRUE,TRUE,vehicle_bike_pedestrian,,1,1,*
URSUS-30-1900-2017-847,CA0301900,9/28/2017,17:16,SANTA ANA,ORANGE,CA,92705,FALSE,FALSE,TRUE,TRUE,pre_planned,,2,3,*
URSUS-30-1900-2017-8fc,CA0301900,10/20/2017,19:04,SANTA ANA,ORANGE,CA,92706,FALSE,FALSE,TRUE,TRUE,vehicle_bike_pedestrian,,1,1,*
URSUS-30-1900-2017-d7e,CA0301900,7/21/2017,3:52,SANTA ANA,ORANGE,CA,92707,FALSE,FALSE,TRUE,TRUE,call_for_service,,1,2,*
URSUS-30-2000-2017-429,CA0302000,9/13/2017,6:10,SEAL BEACH,ORANGE,CA,90740,FALSE,FALSE,TRUE,TRUE,in_progress,,1,1,*
URSUS-30-2000-2017-61c,CA0302000,3/19/2017,4:21,SEAL BEACH,ORANGE,CA,90740,FALSE,FALSE,TRUE,TRUE,in_progress,,1,1,*
URSUS-30-2200-2017-f42,CA0302200,5/16/2017,19:12,TUSTIN,ORANGE,CA,92780,FALSE,FALSE,FALSE,TRUE,in_progress,,1,1,*
URSUS-31-0000-2017-999,CA0310000,2/3/2017,1:39,TAHOE CITY,PLACER,CA,96145,FALSE,FALSE,TRUE,TRUE,in_progress,,2,5,*
URSUS-31-0000-2017-a56,CA0310000,3/7/2017,12:49,GRANITE BAY,PLACER,CA,95746,FALSE,FALSE,TRUE,TRUE,call_for_service,,1,2,*
URSUS-31-0000-2017-ba9,CA0310000,1/30/2017,10:30,FORESTHILL,PLACER,CA,95631,FALSE,FALSE,TRUE,TRUE,pre_planned,,1,1,*
URSUS-31-0400-2017-810,CA0310400,2/25/2017,10:01,ROCKLIN,PLACER,CA,95765,FALSE,FALSE,TRUE,TRUE,call_for_service,,1,3,*
URSUS-31-0400-2017-9b2,CA0310400,9/24/2017,6:01,ROCKLIN,PLACER,CA,95677,FALSE,FALSE,TRUE,TRUE,vehicle_bike_pedestrian,,1,1,*
URSUS-31-0500-2017-54a,CA0310500,8/27/2017,12:29,ROSEVILLE,PLACER,CA,95678,FALSE,FALSE,TRUE,TRUE,call_for_service,,1,3,*
URSUS-32-0000-2017-a73,CA0320000,9/1/2017,21:55,CHESTER,PLUMAS,CA,96020,FALSE,FALSE,TRUE,TRUE,vehicle_bike_pedestrian,,1,2,*
URSUS-33-0000-2017-0ee,CA0330000,7/30/2017,9:38,WINCHESTER,RIVERSIDE,CA,92596,FALSE,FALSE,TRUE,TRUE,vehicle_bike_pedestrian,,1,1,*
URSUS-33-0000-2017-11e,CA0330000,2/23/2017,15:55,PERRIS,RIVERSIDE,CA,92570,FALSE,FALSE,TRUE,TRUE,call_for_service,,1,1,*
URSUS-33-0000-2017-12c,CA0330000,3/19/2017,9:40,DESERT HOT SPRINGS,RIVERSIDE,CA,92241,FALSE,FALSE,FALSE,TRUE,call_for_service,,1,1,*
URSUS-33-0000-2017-24e,CA0330000,1/11/2017,20:57,CORONA,RIVERSIDE,CA,92879,FALSE,FALSE,FALSE,TRUE,vehicle_bike_pedestrian,,1,1,*
URSUS-33-0000-2017-283,CA0330000,10/8/2017,2:41,HEMET,RIVERSIDE,CA,92545,FALSE,FALSE,TRUE,TRUE,vehicle_bike_pedestrian,,1,1,*
URSUS-33-0000-2017-720,CA0330000,1/30/2017,9:35,MORENO VALLEY,RIVERSIDE,CA,92553,FALSE,FALSE,TRUE,TRUE,pre_planned,,1,1,*
URSUS-33-0000-2017-7ca,CA0330000,8/26/2017,0:34,COACHELLA,RIVERSIDE,CA,92236,FALSE,FALSE,TRUE,TRUE,consensual,,1,1,*
URSUS-33-0000-2017-7ef,CA0330000,2/10/2017,12:54,RIVERSIDE,RIVERSIDE,CA,92509,FALSE,FALSE,TRUE,TRUE,vehicle_bike_pedestrian,,1,1,*
URSUS-33-0000-2017-924,CA0330000,5/19/2017,15:41,WILDOMAR,RIVERSIDE,CA,92595,FALSE,FALSE,TRUE,TRUE,call_for_service,,1,1,*
URSUS-33-0000-2017-a1e,CA0330000,1/13/2017,16:50,PERRIS,RIVERSIDE,CA,92571,FALSE,FALSE,TRUE,TRUE,welfare_check,,1,1,*
URSUS-33-0000-2017-a2d,CA0330000,7/15/2017,18:36,MORENO VALLEY,RIVERSIDE,CA,92553,FALSE,FALSE,FALSE,TRUE,call_for_service,,1,2,*
URSUS-33-0000-2017-ae8,CA0330000,7/15/2017,18:36,MORENO VALLEY,RIVERSIDE,CA,92553,FALSE,FALSE,FALSE,TRUE,call_for_service,,1,2,*
URSUS-33-0000-2017-ca9,CA0330000,3/4/2017,22:18,CABAZON,RIVERSIDE,CA,92230,FALSE,FALSE,FALSE,TRUE,call_for_service,,1,1,*
URSUS-33-0000-2017-e2e,CA0330000,3/8/2017,15:58,RIVERSIDE,RIVERSIDE,CA,92508,FALSE,FALSE,FALSE,TRUE,call_for_service,,1,1,*
URSUS-33-0000-2017-ec3,CA0330000,5/25/2017,19:50,COACHELLA,RIVERSIDE,CA,92236,FALSE,FALSE,TRUE,TRUE,vehicle_bike_pedestrian,,1,1,*
URSUS-33-0100-2017-b67,CA0330100,5/20/2017,1:18,BANNING,RIVERSIDE,CA,92220,FALSE,FALSE,TRUE,TRUE,in_progress,,1,4,*
URSUS-33-0200-2017-be7,CA0330200,9/2/2017,16:58,BEAUMONT,RIVERSIDE,CA,92223,FALSE,FALSE,FALSE,TRUE,in_progress,,1,2,*
URSUS-33-0600-2017-dda,CA0330600,12/26/2017,21:14,DESERT HOT SPRINGS,RIVERSIDE,CA,92240,FALSE,FALSE,FALSE,TRUE,in_progress,,1,2,*
URSUS-33-0800-2017-0b9,CA0330800,2/24/2017,15:18,HEMET,RIVERSIDE,CA,92543,FALSE,FALSE,TRUE,TRUE,call_for_service,,1,1,*
URSUS-33-0800-2017-215,CA0330800,3/30/2017,0:59,HEMET,RIVERSIDE,CA,92543,FALSE,FALSE,TRUE,TRUE,call_for_service,,1,1,*
URSUS-33-0800-2017-891,CA0330800,10/28/2017,18:28,HEMET,RIVERSIDE,CA,92543,FALSE,FALSE,TRUE,TRUE,call_for_service,,1,2,*
URSUS-33-1300-2017-147,CA0331300,8/11/2017,12:36,RIVERSIDE,RIVERSIDE,CA,92503,FALSE,FALSE,TRUE,TRUE,call_for_service,,1,1,*
URSUS-33-1300-2017-48a,CA0331300,4/16/2017,12:44,RIVERSIDE,RIVERSIDE,CA,92504,FALSE,FALSE,TRUE,TRUE,in_progress,,1,4,*
URSUS-33-1300-2017-4bb,CA0331300,2/5/2017,20:13,RIVERSIDE,RIVERSIDE,CA,92503,FALSE,FALSE,TRUE,TRUE,call_for_service,,1,3,*
URSUS-33-1300-2017-52a,CA0331300,4/14/2017,11:56,RIVERSIDE,RIVERSIDE,CA,92504,FALSE,FALSE,TRUE,TRUE,call_for_service,,1,1,*
URSUS-33-1300-2017-5e3,CA0331300,10/31/2017,11:12,RIVERSIDE,RIVERSIDE,CA,92506,FALSE,TRUE,FALSE,TRUE,in_progress,,1,1,*
URSUS-33-1300-2017-5f9,CA0331300,3/20/2017,12:51,MORENO VALLEY,RIVERSIDE,CA,92557,FALSE,FALSE,TRUE,TRUE,in_progress,,1,1,*
URSUS-33-1300-2017-81a,CA0331300,2/20/2017,22:53,RIVERSIDE,RIVERSIDE,CA,92503,FALSE,FALSE,FALSE,TRUE,vehicle_bike_pedestrian,,1,2,*
URSUS-33-1300-2017-88a,CA0331300,1/24/2017,9:37,RIVERSIDE,RIVERSIDE,CA,92503,FALSE,FALSE,TRUE,TRUE,vehicle_bike_pedestrian,,1,1,*
URSUS-33-1300-2017-99f,CA0331300,8/18/2017,7:53,RIVERSIDE,RIVERSIDE,CA,92505,FALSE,FALSE,TRUE,TRUE,call_for_service,,1,2,*
URSUS-33-1300-2017-bbc,CA0331300,6/6/2017,16:11,RIVERSIDE,RIVERSIDE,CA,92503,FALSE,FALSE,TRUE,TRUE,call_for_service,,1,2,*
URSUS-33-1300-2017-cfa,CA0331300,3/30/2017,11:09,RIVERSIDE,RIVERSIDE,CA,92505,FALSE,FALSE,TRUE,TRUE,in_progress,,1,1,*
URSUS-33-1500-2017-48b,CA0331500,7/29/2017,2:09,NORCO,RIVERSIDE,CA,92860,FALSE,FALSE,TRUE,TRUE,call_for_service,,2,4,*
URSUS-33-1500-2017-d23,CA0331500,1/10/2017,1:20,CORONA,RIVERSIDE,CA,92880,TRUE,FALSE,FALSE,TRUE,in_progress,,1,2,*
URSUS-33-4200-2017-152,CA0334200,5/5/2017,2:37,MURRIETA,RIVERSIDE,CA,92563,FALSE,FALSE,TRUE,TRUE,vehicle_bike_pedestrian,,1,6,*
URSUS-33-4200-2017-a56,CA0334200,9/8/2017,15:19,MURRIETA,RIVERSIDE,CA,92562,FALSE,FALSE,TRUE,TRUE,pre_planned,,1,2,*
URSUS-33-4200-2017-f69,CA0334200,5/18/2017,1:36,MURRIETA,RIVERSIDE,CA,92562,FALSE,FALSE,TRUE,TRUE,vehicle_bike_pedestrian,,1,4,*
URSUS-34-0000-2017-0ab,CA0340000,6/13/2017,20:06,SACRAMENTO,SACRAMENTO,CA,95823,FALSE,FALSE,TRUE,TRUE,call_for_service,,1,1,*
URSUS-34-0000-2017-1a7,CA0340000,8/30/2017,11:55,SACRAMENTO,SACRAMENTO,CA,95821,TRUE,FALSE,TRUE,TRUE,in_progress,,1,8,*
URSUS-34-0000-2017-3a4,CA0340000,12/19/2017,16:43,SACRAMENTO,SACRAMENTO,CA,95827,TRUE,FALSE,TRUE,TRUE,call_for_service,,1,1,*
URSUS-34-0000-2017-4e6,CA0340000,2/10/2017,14:03,SACRAMENTO,SACRAMENTO,CA,95815,FALSE,FALSE,TRUE,TRUE,pre_planned,,1,1,*
URSUS-34-0000-2017-713,CA0340000,5/8/2017,18:51,RANCHO CORDOVA,SACRAMENTO,CA,95670,TRUE,FALSE,FALSE,TRUE,call_for_service,,1,3,*
URSUS-34-0000-2017-af7,CA0340000,6/8/2017,2:55,SACRAMENTO,SACRAMENTO,CA,95820,TRUE,FALSE,TRUE,TRUE,vehicle_bike_pedestrian,,1,1,*
URSUS-34-0000-2017-b2a,CA0340000,1/13/2017,14:37,RANCHO CORDOVA,SACRAMENTO,CA,95742,FALSE,FALSE,TRUE,TRUE,pre_planned,,1,1,*
URSUS-34-0000-2017-ec2,CA0340000,11/2/2017,10:15,NORTH HIGHLANDS,SACRAMENTO,CA,95660,FALSE,FALSE,FALSE,TRUE,call_for_service,,1,1,*
URSUS-34-0000-2017-eee,CA0340000,10/2/2017,22:27,SACRAMENTO,SACRAMENTO,CA,95828,FALSE,FALSE,TRUE,TRUE,vehicle_bike_pedestrian,,1,1,*
URSUS-34-0000-2017-fb3,CA0340000,7/19/2017,15:54,FAIR OAKS,SACRAMENTO,CA,95628,FALSE,FALSE,FALSE,TRUE,call_for_service,,1,1,*
URSUS-34-0100-2017-dd6,CA0340100,9/13/2017,8:10,RANCHO CORDOVA,SACRAMENTO,CA,95670,FALSE,FALSE,TRUE,TRUE,vehicle_bike_pedestrian,,1,1,*
URSUS-34-0400-2017-290,CA0340400,3/17/2017,21:05,SACRAMENTO,SACRAMENTO,CA,95838,FALSE,FALSE,TRUE,TRUE,call_for_service,,1,7,*
URSUS-34-0400-2017-362,CA0340400,2/10/2017,12:59,SACRAMENTO,SACRAMENTO,CA,95815,FALSE,FALSE,TRUE,TRUE,pre_planned,,,3,URSUS-34-0000-2017-4e6
URSUS-34-0400-2017-427,CA0340400,3/18/2017,17:45,SACRAMENTO,SACRAMENTO,CA,95817,FALSE,FALSE,TRUE,TRUE,call_for_service,,1,2,*
URSUS-34-0400-2017-472,CA0340400,9/7/2017,10:58,SACRAMENTO,SACRAMENTO,CA,95820,FALSE,FALSE,FALSE,FALSE,vehicle_bike_pedestrian,,1,5,*
URSUS-34-0400-2017-559,CA0340400,3/6/2017,13:53,SACRAMENTO,SACRAMENTO,CA,95816,FALSE,FALSE,TRUE,TRUE,call_for_service,,1,7,*
URSUS-34-0400-2017-63c,CA0340400,11/26/2017,1:30,SACRAMENTO,SACRAMENTO,CA,95814,FALSE,FALSE,TRUE,TRUE,consensual,,1,1,*
URSUS-34-0400-2017-7c9,CA0340400,7/30/2017,18:45,SACRAMENTO,SACRAMENTO,CA,95815,FALSE,FALSE,TRUE,TRUE,consensual,,1,1,*
URSUS-34-0400-2017-b3b,CA0340400,9/18/2017,19:04,SACRAMENTO,SACRAMENTO,CA,95828,FALSE,FALSE,TRUE,TRUE,call_for_service,,1,1,*
URSUS-34-0400-2017-c5f,CA0340400,1/5/2017,0:52,SACRAMENTO,SACRAMENTO,CA,95815,FALSE,FALSE,TRUE,TRUE,call_for_service,,1,1,*
URSUS-34-0400-2017-e3b,CA0340400,9/11/2017,21:29,SACRAMENTO,SACRAMENTO,CA,95838,FALSE,FALSE,TRUE,TRUE,vehicle_bike_pedestrian,,1,1,*
URSUS-34-0H00-2017-304,CA0340H00,1/7/2017,20:41,ELK GROVE,SACRAMENTO,CA,95758,FALSE,FALSE,TRUE,TRUE,in_progress,,2,1,*
URSUS-34-155C-2017-511,CA034035G,10/6/2017,13:00,DUARTE,LOS ANGELES,CA,91010,FALSE,FALSE,TRUE,TRUE,pre_planned,,,8,URSUS-19-2500-2017-e97
URSUS-34-1900-2017-b4e,CA0341900,7/7/2017,7:27,SANTA CRUZ,SANTA CRUZ,CA,95033,FALSE,FALSE,TRUE,TRUE,pre_planned,,1,9,*
URSUS-34-9600-2017-1ad,CA0349600,10/30/2017,23:22,CITRUS HEIGHTS,SACRAMENTO,CA,95621,FALSE,FALSE,FALSE,FALSE,call_for_service,,1,1,*
URSUS-34-9600-2017-304,CA0349600,9/14/2017,15:30,CITRUS HEIGHTS,SACRAMENTO,CA,95621,FALSE,FALSE,TRUE,TRUE,vehicle_bike_pedestrian,,1,1,*
URSUS-34-9600-2017-3ac,CA0349600,11/19/2017,3:20,CITRUS HEIGHTS,SACRAMENTO,CA,95621,FALSE,FALSE,FALSE,TRUE,in_progress,,1,1,*
URSUS-34-9600-2017-671,CA0349600,6/23/2017,15:15,CITRUS HEIGHTS,SACRAMENTO,CA,95621,FALSE,FALSE,TRUE,TRUE,call_for_service,,1,2,*
URSUS-34-9900-2017-10e,CA0349900,10/29/2017,0:13,CAPITOLA,SANTA CRUZ,CA,95010,FALSE,FALSE,TRUE,TRUE,vehicle_bike_pedestrian,,1,2,*
URSUS-34-9900-2017-111,CA0349900,4/5/2017,16:35,FORESTHILL,PLACER,CA,95631,FALSE,FALSE,TRUE,TRUE,in_progress,,1,2,*
URSUS-34-9900-2017-27a,CA0349900,6/29/2017,10:02,CRESCENT CITY,DEL NORTE,CA,95531,FALSE,FALSE,TRUE,TRUE,vehicle_bike_pedestrian,,1,2,*
URSUS-34-9900-2017-28e,CA0349900,1/6/2017,2:19,SAN BERNARDINO,SAN BERNARDINO,CA,92101,FALSE,FALSE,TRUE,TRUE,vehicle_bike_pedestrian,,2,2,*
URSUS-34-9900-2017-4b6,CA0349900,1/11/2017,21:01,CORONA,RIVERSIDE,CA,92883,FALSE,FALSE,FALSE,FALSE,vehicle_bike_pedestrian,,1,3,*
URSUS-34-9900-2017-4fd,CA0349900,7/27/2017,14:41,ATWATER,MERCED,CA,95301,FALSE,FALSE,TRUE,TRUE,vehicle_bike_pedestrian,,1,1,*
URSUS-34-9900-2017-68a,CA0349900,7/27/2017,23:10,CHOWCHILLA,MADERA,CA,93610,FALSE,FALSE,TRUE,TRUE,in_progress,,,1,URSUS-20-0100-2017-e54
URSUS-34-9900-2017-753,CA0349900,11/21/2017,17:16,STOCKTON,SAN JOAQUIN,CA,95219,FALSE,FALSE,TRUE,TRUE,in_progress,,1,1,*
URSUS-34-9900-2017-807,CA0349900,11/5/2017,0:45,YUCAIPA,SAN BERNARDINO,CA,92399,FALSE,FALSE,FALSE,TRUE,call_for_service,,1,5,*
URSUS-34-9900-2017-84f,CA0349900,3/24/2017,23:47,RED BLUFF,TEHAMA,CA,96022,FALSE,FALSE,TRUE,TRUE,vehicle_bike_pedestrian,,2,2,*
URSUS-34-9900-2017-911,CA0349900,1/8/2017,23:31,SAN JOSE,SANTA CLARA,CA,95112,FALSE,FALSE,FALSE,FALSE,in_progress,,1,2,*
URSUS-34-9900-2017-969,CA0349900,9/6/2017,6:05,LOS ANGELES,LOS ANGELES,CA,90013,FALSE,FALSE,TRUE,TRUE,in_progress,,1,1,*
URSUS-34-9900-2017-96d,CA0349900,4/28/2017,17:44,SAN MATEO,SAN MATEO,CA,94403,FALSE,FALSE,TRUE,TRUE,in_progress,,1,3,*
URSUS-34-9900-2017-977,CA0349900,6/18/2017,3:48,OAKLAND,ALAMEDA,CA,94607,FALSE,FALSE,TRUE,TRUE,vehicle_bike_pedestrian,,1,1,*
URSUS-34-9900-2017-9b8,CA0349900,12/12/2017,6:03,BAKERSFIELD,KERN,CA,93307,FALSE,FALSE,TRUE,TRUE,pre_planned,,1,4,*
URSUS-34-9900-2017-9d0,CA0349900,9/16/2017,23:50,LOS ANGELES,LOS ANGELES,CA,90033,FALSE,FALSE,TRUE,TRUE,vehicle_bike_pedestrian,,1,8,*
URSUS-34-9900-2017-b39,CA0349900,2/4/2017,1:52,OAKLAND,ALAMEDA,CA,94601,FALSE,FALSE,TRUE,TRUE,vehicle_bike_pedestrian,,1,2,*
URSUS-34-9900-2017-b86,CA0349900,10/18/2017,17:13,CRESCENT CITY,DEL NORTE,CA,95531,FALSE,FALSE,TRUE,TRUE,in_progress,,1,1,*
URSUS-34-9900-2017-c11,CA0349900,4/10/2017,2:45,OLIVEHURST,YUBA,CA,95961,FALSE,FALSE,TRUE,TRUE,in_progress,,1,2,*
URSUS-34-9900-2017-c8e,CA0349900,2/7/2017,22:35,BRADLEY,MONTEREY,CA,93451,FALSE,FALSE,TRUE,TRUE,vehicle_bike_pedestrian,,1,3,*
URSUS-34-9900-2017-c93,CA0349900,8/30/2017,11:56,SACRAMENTO,SACRAMENTO,CA,95821,FALSE,FALSE,FALSE,FALSE,pre_planned,,,2,URSUS-34-0000-2017-1a7
URSUS-34-9900-2017-d27,CA0349900,2/6/2017,0:46,SANTA MONICA,LOS ANGELES,CA,90405,FALSE,FALSE,TRUE,TRUE,vehicle_bike_pedestrian,,1,4,*
URSUS-34-9900-2017-e7f,CA0349900,7/1/2017,7:15,DOYLE,LASSEN,CA,96109,FALSE,FALSE,FALSE,TRUE,in_progress,,1,1,*
URSUS-34-9900-2017-eb5,CA0349900,5/31/2017,7:55,HESPERIA,SAN BERNARDINO,CA,92345,FALSE,FALSE,TRUE,TRUE,in_progress,,2,1,*
URSUS-34-9900-2017-ee3,CA0349900,10/23/2017,11:32,CLEARLAKE OAKS,LAKE,CA,95423,FALSE,FALSE,TRUE,TRUE,in_progress,,1,1,*
URSUS-34-9900-2017-f3f,CA0349900,8/20/2017,13:50,MADERA,MADERA,CA,93637,FALSE,FALSE,TRUE,TRUE,in_progress,,1,1,*
URSUS-34-9900-2017-f6a,CA0349900,12/2/2017,1:17,VISTA,SAN DIEGO,CA,92084,FALSE,FALSE,TRUE,TRUE,vehicle_bike_pedestrian,,2,2,*
URSUS-36-0000-2017-03d,CA0360000,4/14/2017,11:16,BARSTOW,SAN BERNARDINO,CA,92311,FALSE,FALSE,TRUE,TRUE,vehicle_bike_pedestrian,,1,1,*
URSUS-36-0000-2017-0c1,CA0360000,5/19/2017,4:30,SAN BERNARDINO,SAN BERNARDINO,CA,92408,FALSE,FALSE,TRUE,TRUE,in_custody_event,booked_awaiting_trial,1,3,*
URSUS-36-0000-2017-18f,CA0360000,1/26/2017,14:14,PHELAN,SAN BERNARDINO,CA,92371,FALSE,FALSE,TRUE,TRUE,pre_planned,,1,1,*
URSUS-36-0000-2017-207,CA0360000,12/2/2017,20:26,RANCHO CUCAMONGA,SAN BERNARDINO,CA,91739,FALSE,FALSE,FALSE,TRUE,in_custody_event,booked_awaiting_trial,1,8,*
URSUS-36-0000-2017-278,CA0360000,11/25/2017,0:13,PHELAN,SAN BERNARDINO,CA,92371,FALSE,FALSE,TRUE,TRUE,vehicle_bike_pedestrian,,1,1,*
URSUS-36-0000-2017-2a4,CA0360000,11/18/2017,23:20,BIG BEAR LAKE,SAN BERNARDINO,CA,92315,FALSE,FALSE,TRUE,TRUE,vehicle_bike_pedestrian,,1,2,*
URSUS-36-0000-2017-33c,CA0360000,1/17/2017,3:22,TWENTYNINE PALMS,SAN BERNARDINO,CA,92277,FALSE,FALSE,FALSE,TRUE,call_for_service,,1,2,*
URSUS-36-0000-2017-3d7,CA0360000,9/9/2017,23:12,SAN BERNARDINO,SAN BERNARDINO,CA,92407,FALSE,FALSE,TRUE,TRUE,pre_planned,,2,2,*
URSUS-36-0000-2017-3ea,CA0360000,12/19/2017,10:42,VICTORVILLE,SAN BERNARDINO,CA,92394,FALSE,FALSE,TRUE,TRUE,call_for_service,,1,1,*
URSUS-36-0000-2017-47d,CA0360000,10/26/2017,21:23,HIGHLAND,SAN BERNARDINO,CA,92346,FALSE,FALSE,TRUE,TRUE,call_for_service,,1,2,*
URSUS-36-0000-2017-555,CA0360000,6/15/2017,10:29,GRAND TERRACE,SAN BERNARDINO,CA,92324,FALSE,FALSE,TRUE,TRUE,vehicle_bike_pedestrian,,1,1,*
URSUS-36-0000-2017-5e3,CA0360000,9/20/2017,15:15,MORENO VALLEY,RIVERSIDE,CA,92555,FALSE,FALSE,TRUE,TRUE,pre_planned,,1,1,*
URSUS-36-0000-2017-6a5,CA0360000,3/16/2017,0:38,HESPERIA,SAN BERNARDINO,CA,92344,FALSE,FALSE,TRUE,TRUE,call_for_service,,1,1,*
URSUS-36-0000-2017-6bf,CA0360000,10/18/2017,13:42,PHELAN,SAN BERNARDINO,CA,92371,FALSE,FALSE,TRUE,TRUE,in_progress,,1,2,*
URSUS-36-0000-2017-786,CA0360000,2/1/2017,19:54,HIGHLAND,SAN BERNARDINO,CA,92346,FALSE,FALSE,FALSE,TRUE,call_for_service,,1,2,*
URSUS-36-0000-2017-7a9,CA0360000,10/8/2017,0:29,ADELANTO,SAN BERNARDINO,CA,92301,FALSE,FALSE,TRUE,TRUE,call_for_service,,1,1,*
URSUS-36-0000-2017-7bd,CA0360000,10/24/2017,12:29,HIGHLAND,SAN BERNARDINO,CA,92346,FALSE,FALSE,TRUE,TRUE,call_for_service,,1,4,*
URSUS-36-0000-2017-7c5,CA0360000,1/11/2017,1:00,CHINO HILLS,SAN BERNARDINO,CA,91709,FALSE,FALSE,TRUE,TRUE,call_for_service,,1,4,*
URSUS-36-0000-2017-7fa,CA0360000,10/18/2017,20:20,YUCCA VALLEY,SAN BERNARDINO,CA,92284,FALSE,FALSE,TRUE,TRUE,vehicle_bike_pedestrian,,1,1,*
URSUS-36-0000-2017-831,CA0360000,8/8/2017,12:04,CHERRY VALLEY,RIVERSIDE,CA,92223,FALSE,FALSE,TRUE,TRUE,pre_planned,,1,1,*
URSUS-36-0000-2017-834,CA0360000,3/26/2017,3:16,RANCHO CUCAMONGA,SAN BERNARDINO,CA,91739,FALSE,FALSE,FALSE,TRUE,in_custody_event,booked_awaiting_trial,2,4,*
URSUS-36-0000-2017-a1a,CA0360000,10/30/2017,8:54,RANCHO CUCAMONGA,SAN BERNARDINO,CA,91730,FALSE,FALSE,TRUE,TRUE,in_progress,,1,1,*
URSUS-36-0000-2017-b8b,CA0360000,1/2/2017,23:45,RANCHO CUCAMONGA,SAN BERNARDINO,CA,91701,FALSE,FALSE,TRUE,TRUE,in_progress,,1,2,*
URSUS-36-0000-2017-bca,CA0360000,4/28/2017,1:50,CHINO HILLS,SAN BERNARDINO,CA,91709,FALSE,FALSE,TRUE,TRUE,in_progress,,1,1,*
URSUS-36-0000-2017-d1d,CA0360000,2/8/2017,23:38,ADELANTO,SAN BERNARDINO,CA,92301,FALSE,FALSE,TRUE,TRUE,vehicle_bike_pedestrian,,1,1,*
URSUS-36-0000-2017-d66,CA0360000,5/28/2017,8:21,TWENTYNINE PALMS,SAN BERNARDINO,CA,92277,FALSE,FALSE,TRUE,TRUE,call_for_service,,1,1,*
URSUS-36-0000-2017-e77,CA0360000,8/11/2017,16:43,VICTORVILLE,SAN BERNARDINO,CA,92394,FALSE,FALSE,TRUE,TRUE,call_for_service,,1,1,*
URSUS-36-0000-2017-fb8,CA0360000,10/5/2017,14:27,BLOOMINGTON,SAN BERNARDINO,CA,92316,FALSE,FALSE,TRUE,TRUE,call_for_service,,1,1,*
URSUS-36-0000-2017-fc6,CA0360000,7/27/2017,16:40,GRAND TERRACE,SAN BERNARDINO,CA,92313,FALSE,FALSE,FALSE,TRUE,call_for_service,,1,2,*
URSUS-36-0000-2017-fd2,CA0360000,5/30/2017,18:00,APPLE VALLEY,SAN BERNARDINO,CA,92307,FALSE,FALSE,TRUE,TRUE,welfare_check,,1,1,*
URSUS-36-0000-2017-ffb,CA0360000,1/22/2017,13:50,VICTORVILLE,SAN BERNARDINO,CA,92395,FALSE,FALSE,TRUE,TRUE,call_for_service,,1,1,*
URSUS-36-0000-2017-ffe,CA0360000,11/14/2017,11:35,RANCHO CUCAMONGA,SAN BERNARDINO,CA,91739,FALSE,FALSE,FALSE,TRUE,in_custody_event,sentenced,1,2,*
URSUS-36-0300-2017-047,CA0360300,1/16/2017,11:41,COLTON,SAN BERNARDINO,CA,92324,FALSE,FALSE,FALSE,TRUE,call_for_service,,1,1,*
URSUS-36-0300-2017-cfc,CA0360300,12/2/2017,11:50,COLTON,SAN BERNARDINO,CA,92324,FALSE,FALSE,FALSE,TRUE,call_for_service,,1,1,*
URSUS-36-0400-2017-13b,CA0360400,5/31/2017,7:56,HESPERIA,SAN BERNARDINO,CA,92345,FALSE,FALSE,TRUE,TRUE,in_progress,,1,1,*
URSUS-36-0400-2017-219,CA0360400,12/2/2017,9:55,FONTANA,SAN BERNARDINO,CA,92336,FALSE,FALSE,TRUE,TRUE,vehicle_bike_pedestrian,,1,4,*
URSUS-36-0400-2017-69e,CA0360400,3/24/2017,1:33,RIALTO,SAN BERNARDINO,CA,92376,FALSE,FALSE,TRUE,TRUE,vehicle_bike_pedestrian,,1,1,*
URSUS-36-0400-2017-704,CA0360400,10/27/2017,6:00,FONTANA,SAN BERNARDINO,CA,92335,FALSE,FALSE,TRUE,TRUE,call_for_service,,1,4,*
URSUS-36-0400-2017-7e1,CA0360400,10/25/2017,3:06,FONTANA,SAN BERNARDINO,CA,92336,FALSE,FALSE,TRUE,TRUE,vehicle_bike_pedestrian,,1,3,*
URSUS-36-0400-2017-a3a,CA0360400,6/3/2017,18:01,FONTANA,SAN BERNARDINO,CA,92335,FALSE,FALSE,TRUE,TRUE,vehicle_bike_pedestrian,,1,2,*
URSUS-36-0700-2017-32f,CA0360700,10/4/2017,16:37,ONTARIO,SAN BERNARDINO,CA,91764,FALSE,FALSE,TRUE,TRUE,call_for_service,,1,1,*
URSUS-36-0700-2017-829,CA0360700,4/9/2017,22:44,ONTARIO,SAN BERNARDINO,CA,91764,FALSE,FALSE,FALSE,TRUE,call_for_service,,1,4,*
URSUS-36-0700-2017-be4,CA0360700,1/19/2017,22:25,ONTARIO,SAN BERNARDINO,CA,91762,FALSE,FALSE,TRUE,TRUE,call_for_service,,1,3,*
URSUS-36-0700-2017-e0b,CA0360700,2/9/2017,23:43,ONTARIO,SAN BERNARDINO,CA,91761,FALSE,FALSE,TRUE,TRUE,vehicle_bike_pedestrian,,1,3,*
URSUS-36-0900-2017-182,CA0360900,6/16/2017,2:07,RIALTO,SAN BERNARDINO,CA,92376,FALSE,FALSE,FALSE,FALSE,call_for_service,,1,4,*
URSUS-36-1000-2017-0a4,CA0361000,5/8/2017,23:26,SAN BERNARDINO,SAN BERNARDINO,CA,92405,FALSE,FALSE,TRUE,TRUE,call_for_service,,1,2,*
URSUS-36-1000-2017-185,CA0361000,9/13/2017,3:57,HIGHLAND,SAN BERNARDINO,CA,92346,FALSE,FALSE,TRUE,TRUE,call_for_service,,1,2,*
URSUS-36-1000-2017-1b0,CA0361000,4/12/2017,23:25,SAN BERNARDINO,SAN BERNARDINO,CA,92411,FALSE,FALSE,TRUE,TRUE,call_for_service,,1,1,*
URSUS-36-1000-2017-281,CA0361000,1/7/2017,11:18,SAN BERNARDINO,SAN BERNARDINO,CA,92410,FALSE,FALSE,TRUE,TRUE,call_for_service,,1,2,*
URSUS-36-1000-2017-54a,CA0361000,12/20/2017,16:16,HIGHLAND,SAN BERNARDINO,CA,92346,FALSE,FALSE,TRUE,TRUE,call_for_service,,1,1,*
URSUS-36-1000-2017-768,CA0361000,9/2/2017,21:15,SAN BERNARDINO,SAN BERNARDINO,CA,92410,FALSE,FALSE,TRUE,TRUE,call_for_service,,1,1,*
URSUS-36-1000-2017-878,CA0361000,11/14/2017,17:20,SAN BERNARDINO,SAN BERNARDINO,CA,92410,FALSE,FALSE,TRUE,TRUE,call_for_service,,1,2,*
URSUS-36-1000-2017-89b,CA0361000,7/16/2017,15:37,SAN BERNARDINO,SAN BERNARDINO,CA,92410,FALSE,FALSE,TRUE,TRUE,call_for_service,,1,2,*
URSUS-36-1000-2017-b62,CA0361000,11/25/2017,10:59,SAN BERNARDINO,SAN BERNARDINO,CA,92404,FALSE,FALSE,TRUE,TRUE,call_for_service,,1,2,*
URSUS-36-1000-2017-c31,CA0361000,7/10/2017,0:26,RANCHO CUCAMONGA,SAN BERNARDINO,CA,91739,FALSE,FALSE,TRUE,TRUE,in_progress,,1,1,*
URSUS-36-1000-2017-c64,CA0361000,1/22/2017,8:13,SAN BERNARDINO,SAN BERNARDINO,CA,92410,FALSE,FALSE,TRUE,TRUE,call_for_service,,1,1,*
URSUS-36-1000-2017-d2f,CA0361000,1/29/2017,10:57,SAN BERNARDINO,SAN BERNARDINO,CA,92401,FALSE,FALSE,TRUE,TRUE,call_for_service,,1,2,*
URSUS-36-1000-2017-e99,CA0361000,8/30/2017,18:32,SAN BERNARDINO,SAN BERNARDINO,CA,92405,FALSE,FALSE,TRUE,TRUE,vehicle_bike_pedestrian,,1,2,*
URSUS-36-1100-2017-825,CA0361100,8/25/2017,16:56,UPLAND,SAN BERNARDINO,CA,91786,FALSE,FALSE,TRUE,TRUE,call_for_service,,1,4,*
URSUS-36-1100-2017-ba3,CA0361100,12/5/2017,7:58,UPLAND,SAN BERNARDINO,CA,91784,FALSE,FALSE,TRUE,TRUE,call_for_service,,1,1,*
URSUS-37-0000-2017-0ca,CA0370000,5/20/2017,8:15,LEMON GROVE,SAN DIEGO,CA,91945,FALSE,FALSE,FALSE,TRUE,call_for_service,,1,4,*
URSUS-37-0000-2017-107,CA0370000,2/12/2017,12:18,VISTA,SAN DIEGO,CA,92083,FALSE,FALSE,TRUE,FALSE,call_for_service,,1,3,*
URSUS-37-0000-2017-131,CA0370000,1/31/2017,20:40,LEMON GROVE,SAN DIEGO,CA,91945,FALSE,FALSE,TRUE,TRUE,call_for_service,,1,1,*
URSUS-37-0000-2017-19c,CA0370000,6/25/2017,6:58,SAN DIEGO,SAN DIEGO,CA,92101,FALSE,FALSE,FALSE,FALSE,in_custody_event,awaiting_booking,1,5,*
URSUS-37-0000-2017-1a0,CA0370000,2/26/2017,16:57,SAN DIEGO,SAN DIEGO,CA,92101,FALSE,FALSE,FALSE,TRUE,in_custody_event,other,1,4,*
URSUS-37-0000-2017-205,CA0370000,1/3/2017,17:30,SAN DIEGO,SAN DIEGO,CA,92158,FALSE,FALSE,FALSE,TRUE,in_custody_event,sentenced,1,3,*
URSUS-37-0000-2017-25b,CA0370000,9/8/2017,18:40,SANTEE,SAN DIEGO,CA,92071,FALSE,FALSE,TRUE,TRUE,call_for_service,,1,1,*
URSUS-37-0000-2017-281,CA0370000,8/4/2017,7:48,SAN DIEGO,SAN DIEGO,CA,92101,FALSE,FALSE,FALSE,TRUE,pre_planned,,1,2,*
URSUS-37-0000-2017-295,CA0370000,5/24/2017,11:38,VALLEY CENTER,SAN DIEGO,CA,92082,FALSE,FALSE,TRUE,TRUE,call_for_service,,1,4,*
URSUS-37-0000-2017-2c3,CA0370000,7/9/2017,16:30,SAN DIEGO,SAN DIEGO,CA,92101,FALSE,FALSE,FALSE,TRUE,in_custody_event,booked_awaiting_trial,1,2,*
URSUS-37-0000-2017-2f1,CA0370000,9/15/2017,11:08,PALA,SAN DIEGO,CA,92059,FALSE,FALSE,TRUE,TRUE,vehicle_bike_pedestrian,,1,3,*
URSUS-37-0000-2017-304,CA0370000,7/5/2017,10:23,VISTA,SAN DIEGO,CA,92083,FALSE,FALSE,FALSE,FALSE,vehicle_bike_pedestrian,,1,1,*
URSUS-37-0000-2017-397,CA0370000,8/11/2017,12:55,SAN DIEGO,SAN DIEGO,CA,92101,FALSE,FALSE,FALSE,TRUE,in_custody_event,booked_awaiting_trial,1,2,*
URSUS-37-0000-2017-3f4,CA0370000,6/9/2017,18:33,SAN DIEGO,SAN DIEGO,CA,92101,FALSE,FALSE,FALSE,TRUE,in_custody_event,sentenced,1,2,*
URSUS-37-0000-2017-510,CA0370000,2/17/2017,14:50,SAN DIEGO,SAN DIEGO,CA,92158,FALSE,FALSE,FALSE,TRUE,in_custody_event,other,3,14,*
URSUS-37-0000-2017-5c9,CA0370000,1/19/2017,15:50,VISTA,SAN DIEGO,CA,92081,FALSE,FALSE,FALSE,TRUE,in_custody_event,awaiting_booking,1,1,*
URSUS-37-0000-2017-630,CA0370000,6/3/2017,17:20,SAN DIEGO,SAN DIEGO,CA,92101,FALSE,FALSE,FALSE,TRUE,in_custody_event,sentenced,1,6,*
URSUS-37-0000-2017-760,CA0370000,5/12/2017,16:41,SANTEE,SAN DIEGO,CA,92071,FALSE,FALSE,TRUE,TRUE,vehicle_bike_pedestrian,,1,1,*
URSUS-37-0000-2017-762,CA0370000,3/30/2017,18:33,IMPERIAL BEACH,SAN DIEGO,CA,91932,FALSE,FALSE,TRUE,FALSE,call_for_service,,1,1,*
URSUS-37-0000-2017-795,CA0370000,10/27/2017,13:00,VISTA,SAN DIEGO,CA,92081,FALSE,FALSE,TRUE,TRUE,call_for_service,,1,2,*
URSUS-37-0000-2017-81e,CA0370000,4/12/2017,14:39,EL CAJON,SAN DIEGO,CA,92020,FALSE,FALSE,FALSE,TRUE,in_custody_event,out_of_court,1,3,*
URSUS-37-0000-2017-8af,CA0370000,11/3/2017,7:22,SPRING VALLEY,SAN DIEGO,CA,91977,FALSE,FALSE,TRUE,TRUE,call_for_service,,1,2,*
URSUS-37-0000-2017-8b0,CA0370000,10/5/2017,19:07,VISTA,SAN DIEGO,CA,92083,FALSE,FALSE,TRUE,TRUE,in_progress,,1,1,*
URSUS-37-0000-2017-8fd,CA0370000,4/14/2017,11:33,SAN MARCOS,SAN DIEGO,CA,92069,FALSE,FALSE,TRUE,FALSE,call_for_service,,1,1,*
URSUS-37-0000-2017-918,CA0370000,6/24/2017,9:46,SAN DIEGO,SAN DIEGO,CA,92101,FALSE,FALSE,FALSE,TRUE,in_custody_event,other,1,3,*
URSUS-37-0000-2017-967,CA0370000,7/20/2017,13:59,IMPERIAL BEACH,SAN DIEGO,CA,91932,FALSE,FALSE,TRUE,TRUE,pre_planned,,1,3,*
URSUS-37-0000-2017-96f,CA0370000,7/24/2017,22:08,VISTA,SAN DIEGO,CA,92083,FALSE,FALSE,TRUE,TRUE,vehicle_bike_pedestrian,,1,4,*
URSUS-37-0000-2017-9c9,CA0370000,10/18/2017,10:32,VISTA,SAN DIEGO,CA,92081,FALSE,FALSE,TRUE,TRUE,in_custody_event,awaiting_booking,1,5,*
URSUS-37-0000-2017-a17,CA0370000,8/14/2017,14:35,CHULA VISTA,SAN DIEGO,CA,91910,FALSE,FALSE,FALSE,TRUE,in_custody_event,out_of_court,1,1,*
URSUS-37-0000-2017-adb,CA0370000,5/15/2017,15:52,DEL MAR,SAN DIEGO,CA,92014,FALSE,FALSE,TRUE,TRUE,call_for_service,,1,1,*
URSUS-37-0000-2017-ae9,CA0370000,3/2/2017,3:16,SAN MARCOS,SAN DIEGO,CA,92078,FALSE,FALSE,FALSE,TRUE,call_for_service,,1,4,*
URSUS-37-0000-2017-b4d,CA0370000,12/5/2017,6:22,CHULA VISTA,SAN DIEGO,CA,91910,FALSE,FALSE,TRUE,TRUE,vehicle_bike_pedestrian,,1,1,*
URSUS-37-0000-2017-b9a,CA0370000,3/25/2017,17:21,SANTEE,SAN DIEGO,CA,92071,FALSE,FALSE,TRUE,TRUE,call_for_service,,1,3,*
URSUS-37-0000-2017-bcb,CA0370000,8/24/2017,1:23,LEMON GROVE,SAN DIEGO,CA,91945,FALSE,FALSE,FALSE,TRUE,call_for_service,,,1,URSUS-37-0800-2017-0e6
URSUS-37-0000-2017-bfb,CA0370000,4/10/2017,16:20,EL CAJON,SAN DIEGO,CA,92019,FALSE,FALSE,TRUE,TRUE,call_for_service,,1,1,*
URSUS-37-0000-2017-d1f,CA0370000,12/7/2017,21:05,PAUMA VALLEY,SAN DIEGO,CA,92061,FALSE,FALSE,TRUE,TRUE,call_for_service,,1,5,*
URSUS-37-0000-2017-d3a,CA0370000,9/12/2017,15:50,SANTEE,SAN DIEGO,CA,92071,FALSE,FALSE,FALSE,TRUE,in_custody_event,sentenced,1,8,*
URSUS-37-0000-2017-d41,CA0370000,10/16/2017,20:39,FALLBROOK,SAN DIEGO,CA,92028,FALSE,FALSE,TRUE,TRUE,call_for_service,,1,2,*
URSUS-37-0000-2017-d79,CA0370000,10/14/2017,15:07,SAN MARCOS,SAN DIEGO,CA,92078,FALSE,FALSE,TRUE,TRUE,call_for_service,,1,5,*
URSUS-37-0000-2017-d8d,CA0370000,3/15/2017,19:56,PALA,SAN DIEGO,CA,92059,FALSE,FALSE,TRUE,FALSE,call_for_service,,1,3,*
URSUS-37-0000-2017-da2,CA0370000,3/26/2017,3:01,SAN MARCOS,SAN DIEGO,CA,92069,FALSE,FALSE,TRUE,TRUE,call_for_service,,1,3,*
URSUS-37-0000-2017-eef,CA0370000,3/16/2017,20:26,LEMON GROVE,SAN DIEGO,CA,91945,FALSE,FALSE,TRUE,FALSE,call_for_service,,1,7,*
URSUS-37-0000-2017-fac,CA0370000,3/1/2017,14:37,SPRING VALLEY,SAN DIEGO,CA,91978,FALSE,FALSE,TRUE,FALSE,vehicle_bike_pedestrian,,1,1,*
URSUS-37-0000-2017-fce,CA0370000,6/4/2017,10:42,CAMPO,SAN DIEGO,CA,91906,FALSE,FALSE,FALSE,TRUE,call_for_service,,1,3,*
URSUS-37-0200-2017-cbc,CA0370200,9/19/2017,20:59,CHULA VISTA,SAN DIEGO,CA,91910,FALSE,FALSE,FALSE,TRUE,call_for_service,,1,2,*
URSUS-37-0500-2017-4e9,CA0370500,11/28/2017,23:46,EL CAJON,SAN DIEGO,CA,92021,FALSE,FALSE,TRUE,TRUE,vehicle_bike_pedestrian,,1,1,*
URSUS-37-0500-2017-812,CA0370500,7/17/2017,10:15,EL CAJON,SAN DIEGO,CA,92020,TRUE,FALSE,TRUE,TRUE,in_progress,,1,3,*
URSUS-37-0500-2017-db2,CA0370500,1/1/2017,21:00,EL CAJON,SAN DIEGO,CA,92021,FALSE,FALSE,TRUE,FALSE,call_for_service,,1,2,*
URSUS-37-0500-2017-e23,CA0370500,3/3/2017,12:40,SAN DIEGO,SAN DIEGO,CA,92101,FALSE,FALSE,TRUE,TRUE,in_progress,,1,1,*
URSUS-37-0600-2017-8ff,CA0370600,3/10/2017,7:48,ESCONDIDO,SAN DIEGO,CA,92027,FALSE,FALSE,FALSE,TRUE,call_for_service,,1,1,*
URSUS-37-0800-2017-0e6,CA0370800,8/24/2017,1:20,LEMON GROVE,SAN DIEGO,CA,91945,FALSE,FALSE,TRUE,TRUE,vehicle_bike_pedestrian,,2,2,*
URSUS-37-0800-2017-7d2,CA0370800,8/2/2017,1:49,LA MESA,SAN DIEGO,CA,91942,FALSE,FALSE,TRUE,TRUE,call_for_service,,1,1,*
URSUS-37-0800-2017-843,CA0370800,7/19/2017,16:55,LA MESA,SAN DIEGO,CA,91941,FALSE,FALSE,TRUE,TRUE,call_for_service,,1,2,*
URSUS-37-0800-2017-e9a,CA0370800,7/25/2017,19:07,SAN DIEGO,SAN DIEGO,CA,92115,FALSE,FALSE,TRUE,TRUE,pre_planned,,1,1,*
URSUS-37-1000-2017-9a0,CA0371000,6/19/2017,10:45,OCEANSIDE,SAN DIEGO,CA,92055,FALSE,FALSE,TRUE,TRUE,ambush,,1,1,*
URSUS-37-1000-2017-b1b,CA0371000,2/15/2017,20:38,OCEANSIDE,SAN DIEGO,CA,92057,FALSE,FALSE,TRUE,TRUE,call_for_service,,1,2,*
URSUS-37-1000-2017-cea,CA0371000,9/22/2017,0:05,OCEANSIDE,SAN DIEGO,CA,92056,FALSE,FALSE,FALSE,TRUE,call_for_service,,1,5,*
URSUS-37-1100-2017-240,CA0371100,11/17/2017,8:18,SAN DIEGO,SAN DIEGO,CA,92110,FALSE,FALSE,TRUE,TRUE,call_for_service,,1,1,*
URSUS-37-1100-2017-305,CA0371100,12/7/2017,2:17,SAN DIEGO,SAN DIEGO,CA,92139,FALSE,FALSE,FALSE,FALSE,call_for_service,,1,1,*
URSUS-37-1100-2017-3c0,CA0371100,9/1/2017,0:33,SAN DIEGO,SAN DIEGO,CA,92113,FALSE,FALSE,TRUE,TRUE,vehicle_bike_pedestrian,,1,1,*
URSUS-37-1100-2017-607,CA0371100,11/29/2017,0:09,SAN DIEGO,SAN DIEGO,CA,92111,FALSE,FALSE,TRUE,TRUE,consensual,,1,1,*
URSUS-37-1100-2017-6f7,CA0371100,12/10/2017,6:26,SAN DIEGO,SAN DIEGO,CA,92107,FALSE,FALSE,FALSE,TRUE,call_for_service,,1,1,*
URSUS-37-1100-2017-a2d,CA0371100,1/24/2017,14:15,SAN DIEGO,SAN DIEGO,CA,92111,FALSE,FALSE,TRUE,TRUE,call_for_service,,1,2,*
URSUS-37-1100-2017-c72,CA0371100,4/30/2017,18:06,SAN DIEGO,SAN DIEGO,CA,92122,FALSE,FALSE,FALSE,TRUE,call_for_service,,1,3,*
URSUS-37-1100-2017-d2f,CA0371100,5/6/2017,3:27,SAN DIEGO,SAN DIEGO,CA,92130,FALSE,FALSE,TRUE,TRUE,call_for_service,,1,2,*
URSUS-38-0000-2017-7d1,CA0380000,4/12/2017,17:45,SAN FRANCISCO,SAN FRANCISCO,CA,94103,FALSE,FALSE,FALSE,TRUE,in_custody_event,other,1,4,*
URSUS-38-0000-2017-d07,CA0380000,12/21/2017,17:45,SAN FRANCISCO,SAN FRANCISCO,CA,94103,FALSE,FALSE,FALSE,TRUE,in_custody_event,booked_no_charge,1,1,*
URSUS-38-0100-2017-13b,CA0380100,12/1/2017,10:30,SAN FRANCISCO,SAN FRANCISCO,CA,94124,FALSE,FALSE,TRUE,TRUE,in_progress,,1,1,*
URSUS-38-0100-2017-2b2,CA0380100,11/1/2017,0:03,SAN FRANCISCO,SAN FRANCISCO,CA,94114,FALSE,FALSE,FALSE,TRUE,in_progress,,1,1,*
URSUS-38-0100-2017-398,CA0380100,1/6/2017,3:51,SAN FRANCISCO,SAN FRANCISCO,CA,94112,FALSE,FALSE,TRUE,TRUE,in_progress,,1,2,*
URSUS-38-0100-2017-b6a,CA0380100,5/3/2017,11:22,SAN FRANCISCO,SAN FRANCISCO,CA,94102,FALSE,FALSE,FALSE,TRUE,in_progress,,1,1,*
URSUS-38-0100-2017-e94,CA0380100,5/21/2017,22:56,SAN FRANCISCO,SAN FRANCISCO,CA,94124,FALSE,FALSE,TRUE,TRUE,in_progress,,2,3,*
URSUS-38-0100-2017-eb1,CA0380100,9/23/2017,23:37,SAN FRANCISCO,SAN FRANCISCO,CA,94133,FALSE,FALSE,FALSE,TRUE,in_progress,,1,2,*
URSUS-39-0000-2017-035,CA0390000,12/15/2017,16:32,STOCKTON,SAN JOAQUIN,CA,95212,FALSE,FALSE,TRUE,TRUE,pre_planned,,1,1,*
URSUS-39-0000-2017-08c,CA0390000,4/19/2017,21:20,STOCKTON,SAN JOAQUIN,CA,95205,FALSE,FALSE,TRUE,TRUE,in_progress,,1,2,*
URSUS-39-0000-2017-20d,CA0390000,11/20/2017,9:00,STOCKTON,SAN JOAQUIN,CA,95215,FALSE,FALSE,TRUE,TRUE,pre_planned,,1,1,*
URSUS-39-0000-2017-5d8,CA0390000,10/21/2017,9:39,LODI,SAN JOAQUIN,CA,95242,FALSE,FALSE,TRUE,TRUE,call_for_service,,1,1,*
URSUS-39-0000-2017-618,CA0390000,10/10/2017,23:41,STOCKTON,SAN JOAQUIN,CA,95215,FALSE,FALSE,TRUE,TRUE,call_for_service,,1,1,*
URSUS-39-0000-2017-622,CA0390000,11/14/2017,23:23,STOCKTON,SAN JOAQUIN,CA,95215,FALSE,FALSE,TRUE,TRUE,vehicle_bike_pedestrian,,1,1,*
URSUS-39-0000-2017-7e9,CA0390000,8/11/2017,22:48,LATHROP,SAN JOAQUIN,CA,95330,FALSE,FALSE,TRUE,TRUE,call_for_service,,1,1,*
URSUS-39-0000-2017-807,CA0390000,1/9/2017,9:07,STOCKTON,SAN JOAQUIN,CA,95215,FALSE,FALSE,TRUE,TRUE,call_for_service,,1,2,*
URSUS-39-0000-2017-871,CA0390000,11/2/2017,10:26,STOCKTON,SAN JOAQUIN,CA,95215,FALSE,FALSE,TRUE,TRUE,call_for_service,,1,1,*
URSUS-39-0000-2017-94d,CA0390000,8/19/2017,23:50,TRACY,SAN JOAQUIN,CA,95377,FALSE,FALSE,TRUE,TRUE,vehicle_bike_pedestrian,,1,1,*
URSUS-39-0000-2017-9a6,CA0390000,10/10/2017,16:55,STOCKTON,SAN JOAQUIN,CA,95204,FALSE,FALSE,TRUE,TRUE,call_for_service,,1,2,*
URSUS-39-0000-2017-ae0,CA0390000,10/28/2017,23:00,STOCKTON,SAN JOAQUIN,CA,95207,FALSE,FALSE,TRUE,TRUE,call_for_service,,1,1,*
URSUS-39-0000-2017-ae3,CA0390000,10/30/2017,18:42,LODI,SAN JOAQUIN,CA,95242,FALSE,FALSE,TRUE,TRUE,call_for_service,,1,1,*
URSUS-39-0200-2017-a58,CA0390200,10/23/2017,8:20,LODI,SAN JOAQUIN,CA,95240,FALSE,FALSE,FALSE,TRUE,vehicle_bike_pedestrian,,1,2,*
URSUS-39-0300-2017-ab7,CA0390300,2/15/2017,10:05,MANTECA,SAN JOAQUIN,CA,95336,FALSE,FALSE,TRUE,TRUE,call_for_service,,1,2,*
URSUS-39-0500-2017-185,CA0390500,11/14/2017,15:46,STOCKTON,SAN JOAQUIN,CA,95210,FALSE,FALSE,FALSE,TRUE,call_for_service,,1,2,*
URSUS-39-0500-2017-d35,CA0390500,4/16/2017,13:03,STOCKTON,SAN JOAQUIN,CA,95205,FALSE,FALSE,TRUE,TRUE,call_for_service,,1,2,*
URSUS-39-0500-2017-db0,CA0390500,3/19/2017,1:42,STOCKTON,SAN JOAQUIN,CA,95207,FALSE,FALSE,TRUE,TRUE,vehicle_bike_pedestrian,,1,2,*
URSUS-39-0500-2017-e65,CA0390500,1/29/2017,20:00,STOCKTON,SAN JOAQUIN,CA,95205,FALSE,FALSE,TRUE,TRUE,call_for_service,,1,2,*
URSUS-39-0500-2017-e87,CA0390500,7/6/2017,14:28,STOCKTON,SAN JOAQUIN,CA,95203,FALSE,FALSE,TRUE,TRUE,call_for_service,,1,2,*
URSUS-40-0000-2017-281,CA0400000,1/24/2017,0:08,ATASCADERO,SAN LUIS OBISPO,CA,93422,FALSE,FALSE,FALSE,TRUE,vehicle_bike_pedestrian,,1,2,*
URSUS-40-0000-2017-732,CA0400000,3/13/2017,20:19,PASO ROBLES,SAN LUIS OBISPO,CA,93446,FALSE,FALSE,TRUE,TRUE,pre_planned,,1,1,*
URSUS-40-0200-2017-810,CA0400200,7/12/2017,22:18,GROVER BEACH,SAN LUIS OBISPO,CA,93433,FALSE,FALSE,FALSE,FALSE,call_for_service,,1,1,*
URSUS-41-0000-2017-2b2,CA0410000,6/13/2017,11:50,REDWOOD CITY,SAN MATEO,CA,94063,FALSE,FALSE,TRUE,TRUE,in_custody_event,booked_awaiting_trial,1,1,*
URSUS-41-0000-2017-34e,CA0410000,1/1/2017,14:48,MILLBRAE,SAN MATEO,CA,94030,FALSE,FALSE,TRUE,TRUE,call_for_service,,1,2,*
URSUS-41-0000-2017-413,CA0410000,8/26/2017,18:35,SAN CARLOS,SAN MATEO,CA,94070,FALSE,FALSE,TRUE,TRUE,call_for_service,,1,2,*
URSUS-41-0000-2017-4a1,CA0410000,2/4/2017,0:23,BELMONT,SAN MATEO,CA,94002,FALSE,FALSE,TRUE,TRUE,vehicle_bike_pedestrian,,1,1,*
URSUS-41-0000-2017-4b4,CA0410000,10/18/2017,23:41,REDWOOD CITY,SAN MATEO,CA,94061,FALSE,FALSE,TRUE,TRUE,in_progress,,1,1,*
URSUS-41-0000-2017-e22,CA0410000,12/30/2017,14:33,REDWOOD CITY,SAN MATEO,CA,94063,FALSE,FALSE,FALSE,TRUE,call_for_service,,,1,URSUS-41-1300-2017-194
URSUS-41-0000-2017-e3a,CA0410000,5/19/2017,4:40,REDWOOD CITY,SAN MATEO,CA,94063,FALSE,FALSE,TRUE,TRUE,in_progress,,1,1,*
URSUS-41-1300-2017-194,CA0411300,12/30/2017,14:25,REDWOOD CITY,SAN MATEO,CA,94063,FALSE,FALSE,FALSE,TRUE,in_progress,,1,7,*
URSUS-41-1300-2017-c5c,CA0411300,3/21/2017,14:19,REDWOOD CITY,SAN MATEO,CA,94063,TRUE,FALSE,FALSE,TRUE,in_progress,,1,1,*
URSUS-41-1700-2017-569,CA0411700,5/23/2017,23:54,SOUTH SAN FRANCISCO,SAN MATEO,CA,94080,FALSE,FALSE,FALSE,TRUE,welfare_check,,1,5,*
URSUS-41-2000-2017-36c,CA0412000,5/17/2017,23:57,FOSTER CITY,SAN MATEO,CA,94404,FALSE,FALSE,TRUE,TRUE,vehicle_bike_pedestrian,,1,3,*
URSUS-42-0000-2017-2d0,CA0420000,2/12/2017,18:33,GOLETA,SANTA BARBARA,CA,93110,FALSE,FALSE,FALSE,TRUE,call_for_service,,1,5,*
URSUS-42-0000-2017-450,CA0420000,5/27/2017,23:45,GOLETA,SANTA BARBARA,CA,93111,FALSE,FALSE,TRUE,TRUE,call_for_service,,1,1,*
URSUS-42-0000-2017-53d,CA0420000,8/22/2017,9:13,SANTA MARIA,SANTA BARBARA,CA,93455,FALSE,FALSE,FALSE,TRUE,call_for_service,,1,1,*
URSUS-42-0200-2017-02c,CA0420200,11/19/2017,6:12,LOMPOC,SANTA BARBARA,CA,93436,FALSE,FALSE,FALSE,TRUE,call_for_service,,1,5,*
URSUS-42-0200-2017-40b,CA0420200,8/1/2017,0:46,LOMPOC,SANTA BARBARA,CA,93436,FALSE,FALSE,TRUE,TRUE,call_for_service,,1,3,*
URSUS-42-0200-2017-7bf,CA0420200,7/11/2017,7:46,LOMPOC,SANTA BARBARA,CA,93436,FALSE,FALSE,TRUE,TRUE,call_for_service,,1,2,*
URSUS-42-0200-2017-865,CA0420200,8/25/2017,15:06,LOMPOC,SANTA BARBARA,CA,93436,FALSE,FALSE,TRUE,TRUE,call_for_service,,1,2,*
URSUS-42-0300-2017-f6b,CA0420300,8/12/2017,21:26,SANTA BARBARA,SANTA BARBARA,CA,93101,FALSE,FALSE,TRUE,TRUE,call_for_service,,1,5,*
URSUS-43-0000-2017-68c,CA0430000,7/15/2017,20:30,SAN JOSE,SANTA CLARA,CA,95110,FALSE,FALSE,FALSE,TRUE,in_custody_event,booked_awaiting_trial,1,2,*
URSUS-43-1000-2017-478,CA0431000,12/29/2017,23:27,SAN MARTIN,SANTA CLARA,CA,95046,FALSE,FALSE,TRUE,TRUE,call_for_service,,1,1,*
URSUS-43-1000-2017-607,CA0431000,8/25/2017,22:09,MORGAN HILL,SANTA CLARA,CA,95037,FALSE,FALSE,TRUE,TRUE,pre_planned,,1,1,*
URSUS-43-1000-2017-794,CA0431000,6/26/2017,18:35,MORGAN HILL,SANTA CLARA,CA,95037,FALSE,FALSE,TRUE,TRUE,pre_planned,,1,2,*
URSUS-43-1300-2017-102,CA0431300,8/2/2017,18:23,SAN JOSE,SANTA CLARA,CA,95110,FALSE,FALSE,TRUE,TRUE,vehicle_bike_pedestrian,,1,2,*
URSUS-43-1300-2017-115,CA0431300,2/2/2017,21:45,SAN JOSE,SANTA CLARA,CA,95112,FALSE,FALSE,TRUE,TRUE,in_progress,,1,2,*
URSUS-43-1300-2017-146,CA0431300,5/1/2017,8:05,SAN JOSE,SANTA CLARA,CA,95116,FALSE,FALSE,TRUE,TRUE,call_for_service,,1,2,*
URSUS-43-1300-2017-1a6,CA0431300,1/1/2017,16:12,SAN JOSE,SANTA CLARA,CA,95116,FALSE,FALSE,TRUE,TRUE,in_progress,,1,1,*
URSUS-43-1300-2017-214,CA0431300,3/17/2017,13:34,SAN JOSE,SANTA CLARA,CA,95129,FALSE,FALSE,TRUE,TRUE,call_for_service,,1,1,*
URSUS-43-1300-2017-271,CA0431300,9/9/2017,17:51,SAN JOSE,SANTA CLARA,CA,95148,FALSE,FALSE,TRUE,TRUE,in_progress,,1,4,*
URSUS-43-1300-2017-558,CA0431300,6/30/2017,17:26,SAN JOSE,SANTA CLARA,CA,95127,FALSE,FALSE,TRUE,TRUE,call_for_service,,1,4,*
URSUS-43-1300-2017-601,CA0431300,4/18/2017,4:38,SAN JOSE,SANTA CLARA,CA,95128,FALSE,FALSE,TRUE,TRUE,call_for_service,,1,4,*
URSUS-43-1300-2017-67e,CA0431300,7/2/2017,19:35,SAN JOSE,SANTA CLARA,CA,95111,FALSE,FALSE,TRUE,TRUE,in_progress,,1,1,*
URSUS-43-1300-2017-6af,CA0431300,11/22/2017,8:23,SAN JOSE,SANTA CLARA,CA,95113,FALSE,FALSE,TRUE,TRUE,consensual,,1,2,*
URSUS-43-1300-2017-82e,CA0431300,10/5/2017,19:45,SAN JOSE,SANTA CLARA,CA,95110,FALSE,FALSE,TRUE,TRUE,call_for_service,,1,2,*
URSUS-43-1300-2017-8d6,CA0431300,5/30/2017,20:48,SAN JOSE,SANTA CLARA,CA,95125,FALSE,FALSE,TRUE,TRUE,in_progress,,1,3,*
URSUS-43-1300-2017-be3,CA0431300,9/15/2017,19:04,SAN JOSE,SANTA CLARA,CA,95132,FALSE,FALSE,FALSE,TRUE,pre_planned,,1,1,*
URSUS-43-1300-2017-ce5,CA0431300,2/1/2017,16:16,SAN JOSE,SANTA CLARA,CA,95127,FALSE,FALSE,TRUE,TRUE,vehicle_bike_pedestrian,,1,2,*
URSUS-43-1300-2017-d4d,CA0431300,12/3/2017,8:15,SAN JOSE,SANTA CLARA,CA,95112,FALSE,FALSE,TRUE,TRUE,call_for_service,,1,3,*
URSUS-43-1300-2017-f29,CA0431300,11/2/2017,2:49,SAN JOSE,SANTA CLARA,CA,95112,FALSE,FALSE,TRUE,TRUE,call_for_service,,1,2,*
URSUS-43-1400-2017-98b,CA0431400,11/21/2017,1:14,SANTA CLARA,SANTA CLARA,CA,95050,FALSE,FALSE,TRUE,TRUE,vehicle_bike_pedestrian,,1,2,*
URSUS-43-1400-2017-b46,CA0431400,3/9/2017,17:00,SANTA CLARA,SANTA CLARA,CA,95050,FALSE,FALSE,FALSE,TRUE,call_for_service,,1,1,*
URSUS-43-1400-2017-b54,CA0431400,7/3/2017,8:30,SANTA CLARA,SANTA CLARA,CA,95054,FALSE,FALSE,TRUE,TRUE,call_for_service,,1,1,*
URSUS-43-1600-2017-4ea,CA0431600,7/30/2017,19:37,SUNNYVALE,SANTA CLARA,CA,94089,FALSE,FALSE,TRUE,TRUE,call_for_service,,1,1,*
URSUS-43-1600-2017-93b,CA0431600,10/3/2017,5:30,SUNNYVALE,SANTA CLARA,CA,94087,FALSE,FALSE,TRUE,TRUE,in_progress,,1,1,*
URSUS-44-0000-2017-f68,CA0440000,12/8/2017,23:04,APTOS,SANTA CRUZ,CA,95003,FALSE,FALSE,TRUE,TRUE,call_for_service,,1,1,*
URSUS-45-0100-2017-476,CA0450100,3/26/2017,21:23,ANDERSON,SHASTA,CA,96007,FALSE,FALSE,FALSE,TRUE,consensual,,1,4,*
URSUS-45-0200-2017-162,CA0450200,12/8/2017,2:32,REDDING,SHASTA,CA,96002,FALSE,FALSE,FALSE,TRUE,call_for_service,,1,1,*
URSUS-45-0200-2017-979,CA0450200,9/9/2017,2:11,REDDING,SHASTA,CA,96001,FALSE,FALSE,TRUE,TRUE,in_progress,,1,1,*
URSUS-47-0900-2017-2dc,CA0470900,3/6/2017,18:59,YREKA,SISKIYOU,CA,96097,FALSE,FALSE,TRUE,TRUE,in_progress,,1,1,*
URSUS-48-0000-2017-78f,CA0480000,11/14/2017,18:45,BENICIA,SOLANO,CA,94510,FALSE,FALSE,TRUE,TRUE,pre_planned,,1,4,*
URSUS-48-0100-2017-5dd,CA0480100,12/12/2017,22:47,BENICIA,SOLANO,CA,94510,FALSE,FALSE,TRUE,TRUE,vehicle_bike_pedestrian,,1,1,*
URSUS-48-0300-2017-2d3,CA0480300,9/27/2017,7:00,EMERYVILLE,ALAMEDA,CA,94662,FALSE,FALSE,FALSE,TRUE,pre_planned,,,6,URSUS-07-1000-2017-002
URSUS-48-0400-2017-ee0,CA0480400,6/23/2017,11:40,RIO VISTA,SOLANO,CA,94571,FALSE,FALSE,FALSE,FALSE,in_custody_event,other,1,1,*
URSUS-48-0600-2017-16e,CA0480600,6/8/2017,10:42,VACAVILLE,SOLANO,CA,95687,FALSE,FALSE,FALSE,TRUE,call_for_service,,1,3,*
URSUS-48-0600-2017-262,CA0480600,5/20/2017,20:52,VACAVILLE,SOLANO,CA,95688,FALSE,FALSE,TRUE,TRUE,call_for_service,,1,1,*
URSUS-48-0600-2017-4c1,CA0480600,12/19/2017,16:59,VACAVILLE,SOLANO,CA,95688,FALSE,FALSE,FALSE,TRUE,call_for_service,,1,2,*
URSUS-48-0600-2017-5a9,CA0480600,12/29/2017,20:00,VACAVILLE,SOLANO,CA,95687,FALSE,FALSE,FALSE,TRUE,call_for_service,,1,4,*
URSUS-48-0600-2017-5b2,CA0480600,8/28/2017,22:55,VACAVILLE,SOLANO,CA,95687,FALSE,FALSE,TRUE,TRUE,in_progress,,2,2,*
URSUS-48-0600-2017-99e,CA0480600,8/9/2017,1:14,VACAVILLE,SOLANO,CA,95687,FALSE,FALSE,TRUE,TRUE,vehicle_bike_pedestrian,,1,2,*
URSUS-48-0600-2017-a02,CA0480600,5/29/2017,0:38,VACAVILLE,SOLANO,CA,95687,FALSE,FALSE,FALSE,TRUE,vehicle_bike_pedestrian,,1,3,*
URSUS-48-0600-2017-e35,CA0480600,11/17/2017,20:10,VACAVILLE,SOLANO,CA,95687,FALSE,FALSE,TRUE,TRUE,call_for_service,,1,1,*
URSUS-48-0700-2017-974,CA0480700,7/8/2017,16:00,VALLEJO,SOLANO,CA,94590,FALSE,FALSE,FALSE,TRUE,vehicle_bike_pedestrian,,1,1,*
URSUS-48-0700-2017-c0b,CA0480700,5/31/2017,21:39,MARTINEZ,CONTRA COSTA,CA,94553,FALSE,FALSE,TRUE,TRUE,pre_planned,,1,4,*
URSUS-48-0700-2017-e53,CA0480700,8/2/2017,17:05,RICHMOND,CONTRA COSTA,CA,94806,FALSE,FALSE,FALSE,TRUE,vehicle_bike_pedestrian,,1,5,*
URSUS-48-0700-2017-f17,CA0480700,1/23/2017,0:43,VALLEJO,SOLANO,CA,94590,FALSE,FALSE,FALSE,TRUE,call_for_service,,1,1,*
URSUS-49-0000-2017-08e,CA0490000,10/31/2017,22:39,SANTA ROSA,SONOMA,CA,95403,FALSE,FALSE,TRUE,TRUE,call_for_service,,1,2,*
URSUS-49-0000-2017-f1e,CA0490000,1/30/2017,20:30,WINDSOR,SONOMA,CA,95492,FALSE,FALSE,TRUE,TRUE,call_for_service,,1,4,*
URSUS-49-0100-2017-f78,CA0490100,10/21/2017,1:46,CLOVERDALE,SONOMA,CA,95425,FALSE,FALSE,FALSE,TRUE,in_progress,,1,2,*
URSUS-49-0400-2017-455,CA0490400,5/12/2017,15:11,ROHNERT PARK,SONOMA,CA,94928,FALSE,FALSE,FALSE,FALSE,welfare_check,,1,1,*
URSUS-49-0500-2017-56c,CA0490500,8/5/2017,5:58,SANTA ROSA,SONOMA,CA,95403,FALSE,FALSE,FALSE,TRUE,call_for_service,,1,3,*
URSUS-49-0500-2017-c07,CA0490500,12/25/2017,10:58,SANTA ROSA,SONOMA,CA,95403,FALSE,FALSE,TRUE,TRUE,call_for_service,,1,1,*
URSUS-49-0500-2017-e43,CA0490500,11/21/2017,23:47,SANTA ROSA,SONOMA,CA,95404,FALSE,FALSE,TRUE,TRUE,call_for_service,,1,1,*
URSUS-49-0900-2017-3b9,CA0490900,5/5/2017,5:00,COTATI,SONOMA,CA,94931,FALSE,FALSE,TRUE,TRUE,vehicle_bike_pedestrian,,1,1,*
URSUS-50-0100-2017-289,CA0500100,10/22/2017,1:02,MODESTO,STANISLAUS,CA,95358,FALSE,FALSE,FALSE,TRUE,vehicle_bike_pedestrian,,2,2,*
URSUS-50-0200-2017-049,CA0500200,11/6/2017,8:50,MODESTO,STANISLAUS,CA,95355,FALSE,FALSE,TRUE,TRUE,call_for_service,,1,1,*
URSUS-50-0200-2017-864,CA0500200,1/30/2017,20:51,MODESTO,STANISLAUS,CA,95356,FALSE,FALSE,FALSE,TRUE,call_for_service,,1,2,*
URSUS-50-0700-2017-827,CA0500700,3/9/2017,19:55,SNELLING,MERCED,CA,95369,FALSE,FALSE,TRUE,TRUE,pre_planned,,,1,URSUS-24-0600-2017-3cf
URSUS-51-0000-2017-3f3,CA0510000,11/6/2017,17:45,YUBA CITY,SUTTER,CA,95991,FALSE,FALSE,TRUE,TRUE,pre_planned,,1,2,*
URSUS-51-0200-2017-18e,CA0510200,4/22/2017,1:29,YUBA CITY,SUTTER,CA,95991,FALSE,FALSE,FALSE,TRUE,in_progress,,1,4,*
URSUS-51-0200-2017-d43,CA0510200,11/6/2017,16:35,YUBA CITY,SUTTER,CA,95991,FALSE,FALSE,TRUE,TRUE,vehicle_bike_pedestrian,,,1,URSUS-51-0000-2017-3f3
URSUS-52-0000-2017-030,CA0520000,3/18/2017,0:30,RED BLUFF,TEHAMA,CA,96080,FALSE,FALSE,TRUE,TRUE,call_for_service,,1,2,*
URSUS-52-0000-2017-732,CA0520000,11/14/2017,7:53,CORNING,TEHAMA,CA,96021,FALSE,FALSE,FALSE,TRUE,in_progress,,,20,URSUS-52-0100-2017-ddd
URSUS-52-0100-2017-ddd,CA0520100,11/14/2017,8:05,CORNING,TEHAMA,CA,96021,FALSE,FALSE,FALSE,TRUE,in_progress,,1,1,*
URSUS-53-0000-2017-ea0,CA0530000,2/16/2017,16:00,DOUGLAS CITY,TRINITY,CA,96024,FALSE,FALSE,FALSE,TRUE,call_for_service,,1,1,*
URSUS-54-0100-2017-48a,CA0540100,1/5/2017,21:51,DINUBA,TULARE,CA,93618,TRUE,FALSE,FALSE,TRUE,in_progress,,2,2,*
URSUS-54-0200-2017-c3e,CA0540200,4/26/2017,14:32,WOODLAKE,TULARE,CA,93286,TRUE,FALSE,TRUE,TRUE,in_progress,,1,1,*
URSUS-54-0500-2017-d8c,CA0540500,7/6/2017,20:00,PORTERVILLE,TULARE,CA,93257,FALSE,FALSE,TRUE,TRUE,call_for_service,,1,1,*
URSUS-54-0600-2017-430,CA0540600,12/26/2017,19:09,TULARE,TULARE,CA,93274,FALSE,TRUE,FALSE,TRUE,call_for_service,,1,3,*
URSUS-54-0700-2017-28f,CA0540700,4/2/2017,3:14,VISALIA,TULARE,CA,93291,FALSE,FALSE,TRUE,TRUE,call_for_service,,1,1,*
URSUS-54-0700-2017-3f2,CA0540700,8/1/2017,13:33,VISALIA,TULARE,CA,93277,FALSE,FALSE,FALSE,TRUE,vehicle_bike_pedestrian,,1,1,*
URSUS-54-0700-2017-824,CA0540700,4/21/2017,5:34,VISALIA,TULARE,CA,93277,FALSE,FALSE,TRUE,TRUE,call_for_service,,1,2,*
URSUS-54-0800-2017-b2b,CA0540800,4/26/2017,16:04,WOODLAKE,TULARE,CA,93286,FALSE,FALSE,TRUE,TRUE,pre_planned,,,1,URSUS-54-0200-2017-c3e
URSUS-55-0000-2017-7b2,CA0550000,8/26/2017,16:53,SONORA,TUOLUMNE,CA,95370,FALSE,FALSE,TRUE,TRUE,call_for_service,,1,1,*
URSUS-56-0000-2017-b78,CA0560000,10/1/2017,22:37,CAMARILLO,VENTURA,CA,93012,FALSE,FALSE,TRUE,TRUE,call_for_service,,1,1,*
URSUS-56-0400-2017-ab4,CA0560400,11/28/2017,15:24,OXNARD,VENTURA,CA,93030,FALSE,FALSE,TRUE,TRUE,vehicle_bike_pedestrian,,1,2,*
URSUS-56-0600-2017-c3b,CA0560600,4/9/2017,6:21,SANTA PAULA,VENTURA,CA,93060,FALSE,FALSE,FALSE,TRUE,in_progress,,1,2,*
URSUS-56-0600-2017-f6f,CA0560600,9/4/2017,7:15,SANTA PAULA,VENTURA,CA,93060,FALSE,FALSE,TRUE,TRUE,pre_planned,,1,6,*
URSUS-57-0200-2017-d3e,CA0570200,9/11/2017,18:26,WINTERS,YOLO,CA,95694,FALSE,FALSE,TRUE,TRUE,consensual,,1,1,*
URSUS-57-0300-2017-d42,CA0570300,2/8/2017,12:14,WOODLAND,YOLO,CA,95776,FALSE,FALSE,TRUE,TRUE,call_for_service,,1,8,*
URSUS-58-0000-2017-20a,CA0580000,8/1/2017,8:37,OREGON HOUSE,YUBA,CA,95962,FALSE,FALSE,FALSE,TRUE,call_for_service,,1,2,*
URSUS-58-0000-2017-26e,CA0580000,1/8/2017,18:52,OLIVEHURST,YUBA,CA,95961,FALSE,FALSE,TRUE,TRUE,call_for_service,,1,2,*
URSUS-58-0000-2017-3f8,CA0580000,10/13/2017,4:30,OLIVEHURST,YUBA,CA,95961,FALSE,FALSE,FALSE,TRUE,call_for_service,,1,1,*
URSUS-58-0000-2017-a95,CA0580000,10/19/2017,11:17,OLIVEHURST,YUBA,CA,95961,FALSE,FALSE,TRUE,TRUE,call_for_service,,1,1,*
